year,university_id,university_name,offer_count,degree_level,source_name,source_kind,source_snapshot,source_url,filters_json,notes,mainland_school_id,applicant_count,enrolled_count
2026,university-college-london,University College London,7844,undergraduate,翠鹿升学榜,api,offer_rank_pages_1_51.json,https://meiben666.com/mb/api/v2/offerRank/getOSchoolRank,"{""degree"":""本科"",""eduLevel"":""192"",""ranking"":""中国学生榜"",""areaRankId"":""0"",""sortBy"":""0"",""kw"":"""",""sourceRecords"":[{""rank"":43,""sourceSchoolId"":1734,""title"":""伦敦大学学院"",""titleEn"":""University College London"",""allStu"":7844,""cnStu"":7844,""outStu"":0}]}",allStu=7844; cnStu=7844; outStu=0,,,
2026,university-of-california-davis,"University of California, Davis",6202,undergraduate,翠鹿升学榜,api,offer_rank_pages_1_51.json,https://meiben666.com/mb/api/v2/offerRank/getOSchoolRank,"{""degree"":""本科"",""eduLevel"":""192"",""ranking"":""中国学生榜"",""areaRankId"":""0"",""sortBy"":""0"",""kw"":"""",""sourceRecords"":[{""rank"":50,""sourceSchoolId"":1691,""title"":""加州大学戴维斯分校"",""titleEn"":""University of California, Davis"",""allStu"":6202,""cnStu"":6202,""outStu"":0}]}",allStu=6202; cnStu=6202; outStu=0,,,
2026,university-of-toronto,University of Toronto,5972,undergraduate,翠鹿升学榜,api,offer_rank_pages_1_51.json,https://meiben666.com/mb/api/v2/offerRank/getOSchoolRank,"{""degree"":""本科"",""eduLevel"":""192"",""ranking"":""中国学生榜"",""areaRankId"":""0"",""sortBy"":""0"",""kw"":"""",""sourceRecords"":[{""rank"":161,""sourceSchoolId"":1745,""title"":""多伦多大学"",""titleEn"":""University of Toronto"",""allStu"":5972,""cnStu"":5972,""outStu"":0}]}",allStu=5972; cnStu=5972; outStu=0,,,
2026,the-university-of-sydney,The University of Sydney,5363,undergraduate,翠鹿升学榜,api,offer_rank_pages_1_51.json,https://meiben666.com/mb/api/v2/offerRank/getOSchoolRank,"{""degree"":""本科"",""eduLevel"":""192"",""ranking"":""中国学生榜"",""areaRankId"":""0"",""sortBy"":""0"",""kw"":"""",""sourceRecords"":[{""rank"":165,""sourceSchoolId"":1780,""title"":""悉尼大学"",""titleEn"":""The University of Sydney"",""allStu"":5363,""cnStu"":5363,""outStu"":0}]}",allStu=5363; cnStu=5363; outStu=0,,,
2026,the-university-of-melbourne,The University of Melbourne,5288,undergraduate,翠鹿升学榜,api,offer_rank_pages_1_51.json,https://meiben666.com/mb/api/v2/offerRank/getOSchoolRank,"{""degree"":""本科"",""eduLevel"":""192"",""ranking"":""中国学生榜"",""areaRankId"":""0"",""sortBy"":""0"",""kw"":"""",""sourceRecords"":[{""rank"":476,""sourceSchoolId"":10221,""title"":""墨尔本大学"",""titleEn"":""The University of Melbourne"",""allStu"":5288,""cnStu"":5288,""outStu"":0}]}",allStu=5288; cnStu=5288; outStu=0,,,
2026,university-of-california-santa-barbara,University of California-Santa Barbara,4598,undergraduate,翠鹿升学榜,api,offer_rank_pages_1_51.json,https://meiben666.com/mb/api/v2/offerRank/getOSchoolRank,"{""degree"":""本科"",""eduLevel"":""192"",""ranking"":""中国学生榜"",""areaRankId"":""0"",""sortBy"":""0"",""kw"":"""",""sourceRecords"":[{""rank"":56,""sourceSchoolId"":1609,""title"":""加州大学圣塔芭芭拉分校"",""titleEn"":""University of California-Santa Barbara"",""allStu"":4598,""cnStu"":4598,""outStu"":0}]}",allStu=4598; cnStu=4598; outStu=0,,,
2026,rutgers-university-new-brunswick,Rutgers University New Brunswick,3913,undergraduate,翠鹿升学榜,api,offer_rank_pages_1_51.json,https://meiben666.com/mb/api/v2/offerRank/getOSchoolRank,"{""degree"":""本科"",""eduLevel"":""192"",""ranking"":""中国学生榜"",""areaRankId"":""0"",""sortBy"":""0"",""kw"":"""",""sourceRecords"":[{""rank"":59,""sourceSchoolId"":12038,""title"":""罗格斯大学新布朗斯维克(主校区)"",""titleEn"":""Rutgers University New Brunswick"",""allStu"":3913,""cnStu"":3913,""outStu"":0}]}",allStu=3913; cnStu=3913; outStu=0,,,
2026,university-of-california-irvine,University of California Irvine,3623,undergraduate,翠鹿升学榜,api,offer_rank_pages_1_51.json,https://meiben666.com/mb/api/v2/offerRank/getOSchoolRank,"{""degree"":""本科"",""eduLevel"":""192"",""ranking"":""中国学生榜"",""areaRankId"":""0"",""sortBy"":""0"",""kw"":"""",""sourceRecords"":[{""rank"":51,""sourceSchoolId"":1611,""title"":""加州大学欧文分校"",""titleEn"":""University of California Irvine"",""allStu"":3623,""cnStu"":3623,""outStu"":0}]}",allStu=3623; cnStu=3623; outStu=0,,,
2026,ohio-state-university,Ohio State University,2643,undergraduate,翠鹿升学榜,api,offer_rank_pages_1_51.json,https://meiben666.com/mb/api/v2/offerRank/getOSchoolRank,"{""degree"":""本科"",""eduLevel"":""192"",""ranking"":""中国学生榜"",""areaRankId"":""0"",""sortBy"":""0"",""kw"":"""",""sourceRecords"":[{""rank"":57,""sourceSchoolId"":1683,""title"":""俄亥俄州立大学哥伦布校区（主校区）"",""titleEn"":""Ohio State University"",""allStu"":2643,""cnStu"":2643,""outStu"":0}]}",allStu=2643; cnStu=2643; outStu=0,,,
2026,university-of-illinois-urbana-champaign,University of Illinois at Urbana-Champaign,2618,undergraduate,翠鹿升学榜,api,offer_rank_pages_1_51.json,https://meiben666.com/mb/api/v2/offerRank/getOSchoolRank,"{""degree"":""本科"",""eduLevel"":""192"",""ranking"":""中国学生榜"",""areaRankId"":""0"",""sortBy"":""0"",""kw"":"""",""sourceRecords"":[{""rank"":54,""sourceSchoolId"":1616,""title"":""伊利诺伊大学香槟分校"",""titleEn"":""University of Illinois at Urbana-Champaign"",""allStu"":2618,""cnStu"":2618,""outStu"":0}]}",allStu=2618; cnStu=2618; outStu=0,,,
2026,the-university-of-hong-kong,The University of Hong Kong ,2391,undergraduate,翠鹿升学榜,api,offer_rank_pages_1_51.json,https://meiben666.com/mb/api/v2/offerRank/getOSchoolRank,"{""degree"":""本科"",""eduLevel"":""192"",""ranking"":""中国学生榜"",""areaRankId"":""0"",""sortBy"":""0"",""kw"":"""",""sourceRecords"":[{""rank"":153,""sourceSchoolId"":10302,""title"":""香港大学"",""titleEn"":""The University of Hong Kong "",""allStu"":2391,""cnStu"":2391,""outStu"":0}]}",allStu=2391; cnStu=2391; outStu=0,,,
2026,university-of-wisconsin-madison,University of Wisconsin-Madison,2092,undergraduate,翠鹿升学榜,api,offer_rank_pages_1_51.json,https://meiben666.com/mb/api/v2/offerRank/getOSchoolRank,"{""degree"":""本科"",""eduLevel"":""192"",""ranking"":""中国学生榜"",""areaRankId"":""0"",""sortBy"":""0"",""kw"":"""",""sourceRecords"":[{""rank"":55,""sourceSchoolId"":1675,""title"":""威斯康星大学麦迪逊分校"",""titleEn"":""University of Wisconsin-Madison"",""allStu"":2092,""cnStu"":2092,""outStu"":0}]}",allStu=2092; cnStu=2092; outStu=0,,,
2026,monash-university,Monash University,2037,undergraduate,翠鹿升学榜,api,offer_rank_pages_1_51.json,https://meiben666.com/mb/api/v2/offerRank/getOSchoolRank,"{""degree"":""本科"",""eduLevel"":""192"",""ranking"":""中国学生榜"",""areaRankId"":""0"",""sortBy"":""0"",""kw"":"""",""sourceRecords"":[{""rank"":255,""sourceSchoolId"":1782,""title"":""蒙纳士大学"",""titleEn"":""Monash University"",""allStu"":2037,""cnStu"":2037,""outStu"":0}]}",allStu=2037; cnStu=2037; outStu=0,,,
2026,northeastern-university,Northeastern University,1906,undergraduate,翠鹿升学榜,api,offer_rank_pages_1_51.json,https://meiben666.com/mb/api/v2/offerRank/getOSchoolRank,"{""degree"":""本科"",""eduLevel"":""192"",""ranking"":""中国学生榜"",""areaRankId"":""0"",""sortBy"":""0"",""kw"":"""",""sourceRecords"":[{""rank"":63,""sourceSchoolId"":1654,""title"":""东北大学"",""titleEn"":""Northeastern University"",""allStu"":1808,""cnStu"":1808,""outStu"":0},{""rank"":617,""sourceSchoolId"":12176,""title"":""东北大学"",""titleEn"":""Northeastern University"",""allStu"":3,""cnStu"":3,""outStu"":0},{""rank"":867,""sourceSchoolId"":16358,""title"":""东北大学Immerse项目"",""titleEn"":""Northeastern University"",""allStu"":95,""cnStu"":95,""outStu"":0}]}",3 条翠鹿记录汇总；allStu 合计=1906,,,
2026,the-hong-kong-university-of-science-and-technology,The Hong Kong University of Science and Technology,1799,undergraduate,翠鹿升学榜,api,offer_rank_pages_1_51.json,https://meiben666.com/mb/api/v2/offerRank/getOSchoolRank,"{""degree"":""本科"",""eduLevel"":""192"",""ranking"":""中国学生榜"",""areaRankId"":""0"",""sortBy"":""0"",""kw"":"""",""sourceRecords"":[{""rank"":154,""sourceSchoolId"":10269,""title"":""香港科技大学"",""titleEn"":""The Hong Kong University of Science and Technology"",""allStu"":1799,""cnStu"":1799,""outStu"":0}]}",allStu=1799; cnStu=1799; outStu=0,,,
2026,university-of-washington,University of Washington，Seattle,1754,undergraduate,翠鹿升学榜,api,offer_rank_pages_1_51.json,https://meiben666.com/mb/api/v2/offerRank/getOSchoolRank,"{""degree"":""本科"",""eduLevel"":""192"",""ranking"":""中国学生榜"",""areaRankId"":""0"",""sortBy"":""0"",""kw"":"""",""sourceRecords"":[{""rank"":61,""sourceSchoolId"":1779,""title"":""华盛顿大学西雅图校区"",""titleEn"":""University of Washington，Seattle"",""allStu"":1754,""cnStu"":1754,""outStu"":0}]}",allStu=1754; cnStu=1754; outStu=0,,,
2026,university-of-british-columbia,The University of British Columbia,1730,undergraduate,翠鹿升学榜,api,offer_rank_pages_1_51.json,https://meiben666.com/mb/api/v2/offerRank/getOSchoolRank,"{""degree"":""本科"",""eduLevel"":""192"",""ranking"":""中国学生榜"",""areaRankId"":""0"",""sortBy"":""0"",""kw"":"""",""sourceRecords"":[{""rank"":166,""sourceSchoolId"":12050,""title"":""英属哥伦比亚大学"",""titleEn"":""The University of British Columbia"",""allStu"":1730,""cnStu"":1730,""outStu"":0}]}",allStu=1730; cnStu=1730; outStu=0,,,
2026,university-of-california-san-diego,University of California-San Diego,1605,undergraduate,翠鹿升学榜,api,offer_rank_pages_1_51.json,https://meiben666.com/mb/api/v2/offerRank/getOSchoolRank,"{""degree"":""本科"",""eduLevel"":""192"",""ranking"":""中国学生榜"",""areaRankId"":""0"",""sortBy"":""0"",""kw"":"""",""sourceRecords"":[{""rank"":29,""sourceSchoolId"":1615,""title"":""加州大学圣地亚哥分校"",""titleEn"":""University of California-San Diego"",""allStu"":1605,""cnStu"":1605,""outStu"":0}]}",allStu=1605; cnStu=1605; outStu=0,,,
2026,the-university-of-queensland,University of Queensland,1517,undergraduate,翠鹿升学榜,api,offer_rank_pages_1_51.json,https://meiben666.com/mb/api/v2/offerRank/getOSchoolRank,"{""degree"":""本科"",""eduLevel"":""192"",""ranking"":""中国学生榜"",""areaRankId"":""0"",""sortBy"":""0"",""kw"":"""",""sourceRecords"":[{""rank"":482,""sourceSchoolId"":10312,""title"":""昆士兰大学"",""titleEn"":""University of Queensland"",""allStu"":1517,""cnStu"":1517,""outStu"":0}]}",allStu=1517; cnStu=1517; outStu=0,,,
2026,boston-university,Boston University,1321,undergraduate,翠鹿升学榜,api,offer_rank_pages_1_51.json,https://meiben666.com/mb/api/v2/offerRank/getOSchoolRank,"{""degree"":""本科"",""eduLevel"":""192"",""ranking"":""中国学生榜"",""areaRankId"":""0"",""sortBy"":""0"",""kw"":"""",""sourceRecords"":[{""rank"":58,""sourceSchoolId"":1612,""title"":""波士顿大学"",""titleEn"":""Boston University"",""allStu"":1321,""cnStu"":1321,""outStu"":0}]}",allStu=1321; cnStu=1321; outStu=0,,,
2026,pennsylvania-state-university,"Pennsylvania State University, University Park",1262,undergraduate,翠鹿升学榜,api,offer_rank_pages_1_51.json,https://meiben666.com/mb/api/v2/offerRank/getOSchoolRank,"{""degree"":""本科"",""eduLevel"":""192"",""ranking"":""中国学生榜"",""areaRankId"":""0"",""sortBy"":""0"",""kw"":"""",""sourceRecords"":[{""rank"":97,""sourceSchoolId"":1713,""title"":""宾州州立大学帕克分校"",""titleEn"":""Pennsylvania State University, University Park"",""allStu"":1262,""cnStu"":1262,""outStu"":0}]}",allStu=1262; cnStu=1262; outStu=0,,,
2026,city-university-of-hong-kong,City University of Hong Kong,1218,undergraduate,翠鹿升学榜,api,offer_rank_pages_1_51.json,https://meiben666.com/mb/api/v2/offerRank/getOSchoolRank,"{""degree"":""本科"",""eduLevel"":""192"",""ranking"":""中国学生榜"",""areaRankId"":""0"",""sortBy"":""0"",""kw"":"""",""sourceRecords"":[{""rank"":156,""sourceSchoolId"":10739,""title"":""香港城市大学"",""titleEn"":""City University of Hong Kong"",""allStu"":1218,""cnStu"":1218,""outStu"":0}]}",allStu=1218; cnStu=1218; outStu=0,,,
2026,stony-brook-university,Stony Brook University--SUNY,1193,undergraduate,翠鹿升学榜,api,offer_rank_pages_1_51.json,https://meiben666.com/mb/api/v2/offerRank/getOSchoolRank,"{""degree"":""本科"",""eduLevel"":""192"",""ranking"":""中国学生榜"",""areaRankId"":""0"",""sortBy"":""0"",""kw"":"""",""sourceRecords"":[{""rank"":99,""sourceSchoolId"":1681,""title"":""纽约州立大学石溪分校"",""titleEn"":""Stony Brook University--SUNY"",""allStu"":1193,""cnStu"":1193,""outStu"":0}]}",allStu=1193; cnStu=1193; outStu=0,,,
2026,imperial-college-london,Imperial College London,1185,undergraduate,翠鹿升学榜,api,offer_rank_pages_1_51.json,https://meiben666.com/mb/api/v2/offerRank/getOSchoolRank,"{""degree"":""本科"",""eduLevel"":""192"",""ranking"":""中国学生榜"",""areaRankId"":""0"",""sortBy"":""0"",""kw"":"""",""sourceRecords"":[{""rank"":44,""sourceSchoolId"":1733,""title"":""帝国理工学院"",""titleEn"":""Imperial College London"",""allStu"":1185,""cnStu"":1185,""outStu"":0}]}",allStu=1185; cnStu=1185; outStu=0,,,
2026,the-hong-kong-polytechnic-university,Hong Kong Polytechnic University,1009,undergraduate,翠鹿升学榜,api,offer_rank_pages_1_51.json,https://meiben666.com/mb/api/v2/offerRank/getOSchoolRank,"{""degree"":""本科"",""eduLevel"":""192"",""ranking"":""中国学生榜"",""areaRankId"":""0"",""sortBy"":""0"",""kw"":"""",""sourceRecords"":[{""rank"":157,""sourceSchoolId"":10267,""title"":""香港理工大学"",""titleEn"":""Hong Kong Polytechnic University"",""allStu"":1009,""cnStu"":1009,""outStu"":0}]}",allStu=1009; cnStu=1009; outStu=0,,,
2026,university-of-minnesota-twin-cities,"University of Minnesota, Twin Cities",988,undergraduate,翠鹿升学榜,api,offer_rank_pages_1_51.json,https://meiben666.com/mb/api/v2/offerRank/getOSchoolRank,"{""degree"":""本科"",""eduLevel"":""192"",""ranking"":""中国学生榜"",""areaRankId"":""0"",""sortBy"":""0"",""kw"":"""",""sourceRecords"":[{""rank"":100,""sourceSchoolId"":1680,""title"":""明尼苏达大学双城分校"",""titleEn"":""University of Minnesota, Twin Cities"",""allStu"":988,""cnStu"":988,""outStu"":0}]}",allStu=988; cnStu=988; outStu=0,,,
2026,new-york-university,New York University,881,undergraduate,翠鹿升学榜,api,offer_rank_pages_1_51.json,https://meiben666.com/mb/api/v2/offerRank/getOSchoolRank,"{""degree"":""本科"",""eduLevel"":""192"",""ranking"":""中国学生榜"",""areaRankId"":""0"",""sortBy"":""0"",""kw"":"""",""sourceRecords"":[{""rank"":49,""sourceSchoolId"":1608,""title"":""纽约大学"",""titleEn"":""New York University"",""allStu"":881,""cnStu"":881,""outStu"":0}]}",allStu=881; cnStu=881; outStu=0,,,
2026,university-of-north-carolina-at-chapel-hill,University of North Carolina at Chapel Hill,866,undergraduate,翠鹿升学榜,api,offer_rank_pages_1_51.json,https://meiben666.com/mb/api/v2/offerRank/getOSchoolRank,"{""degree"":""本科"",""eduLevel"":""192"",""ranking"":""中国学生榜"",""areaRankId"":""0"",""sortBy"":""0"",""kw"":"""",""sourceRecords"":[{""rank"":26,""sourceSchoolId"":1603,""title"":""北卡罗来纳州大学教堂山分校"",""titleEn"":""University of North Carolina at Chapel Hill"",""allStu"":866,""cnStu"":866,""outStu"":0}]}",allStu=866; cnStu=866; outStu=0,,,
2026,mcgill-university,McGill University,862,undergraduate,翠鹿升学榜,api,offer_rank_pages_1_51.json,https://meiben666.com/mb/api/v2/offerRank/getOSchoolRank,"{""degree"":""本科"",""eduLevel"":""192"",""ranking"":""中国学生榜"",""areaRankId"":""0"",""sortBy"":""0"",""kw"":"""",""sourceRecords"":[{""rank"":167,""sourceSchoolId"":3399,""title"":""麦吉尔大学"",""titleEn"":""McGill University"",""allStu"":862,""cnStu"":862,""outStu"":0}]}",allStu=862; cnStu=862; outStu=0,,,
2026,university-of-california-merced,"University of California, Merced",824,undergraduate,翠鹿升学榜,api,offer_rank_pages_1_51.json,https://meiben666.com/mb/api/v2/offerRank/getOSchoolRank,"{""degree"":""本科"",""eduLevel"":""192"",""ranking"":""中国学生榜"",""areaRankId"":""0"",""sortBy"":""0"",""kw"":"""",""sourceRecords"":[{""rank"":94,""sourceSchoolId"":2411,""title"":""加州大学默塞德分校"",""titleEn"":""University of California, Merced"",""allStu"":824,""cnStu"":824,""outStu"":0}]}",allStu=824; cnStu=824; outStu=0,,,
2026,university-of-southern-california,University of Southern California,824,undergraduate,翠鹿升学榜,api,offer_rank_pages_1_51.json,https://meiben666.com/mb/api/v2/offerRank/getOSchoolRank,"{""degree"":""本科"",""eduLevel"":""192"",""ranking"":""中国学生榜"",""areaRankId"":""0"",""sortBy"":""0"",""kw"":"""",""sourceRecords"":[{""rank"":28,""sourceSchoolId"":1597,""title"":""南加州大学"",""titleEn"":""University of Southern California"",""allStu"":824,""cnStu"":824,""outStu"":0}]}",allStu=824; cnStu=824; outStu=0,,,
2026,the-chinese-university-of-hong-kong,The Chinese University of Hong Kong,813,undergraduate,翠鹿升学榜,api,offer_rank_pages_1_51.json,https://meiben666.com/mb/api/v2/offerRank/getOSchoolRank,"{""degree"":""本科"",""eduLevel"":""192"",""ranking"":""中国学生榜"",""areaRankId"":""0"",""sortBy"":""0"",""kw"":"""",""sourceRecords"":[{""rank"":155,""sourceSchoolId"":10281,""title"":""香港中文大学"",""titleEn"":""The Chinese University of Hong Kong"",""allStu"":813,""cnStu"":813,""outStu"":0}]}",allStu=813; cnStu=813; outStu=0,,,
2026,university-of-california-riverside,"University of California, Riverside",696,undergraduate,翠鹿升学榜,api,offer_rank_pages_1_51.json,https://meiben666.com/mb/api/v2/offerRank/getOSchoolRank,"{""degree"":""本科"",""eduLevel"":""192"",""ranking"":""中国学生榜"",""areaRankId"":""0"",""sortBy"":""0"",""kw"":"""",""sourceRecords"":[{""rank"":116,""sourceSchoolId"":1806,""title"":""加州大学河滨分校"",""titleEn"":""University of California, Riverside"",""allStu"":696,""cnStu"":696,""outStu"":0}]}",allStu=696; cnStu=696; outStu=0,,,
2026,michigan-state-university,Michigan State University,665,undergraduate,翠鹿升学榜,api,offer_rank_pages_1_51.json,https://meiben666.com/mb/api/v2/offerRank/getOSchoolRank,"{""degree"":""本科"",""eduLevel"":""192"",""ranking"":""中国学生榜"",""areaRankId"":""0"",""sortBy"":""0"",""kw"":"""",""sourceRecords"":[{""rank"":101,""sourceSchoolId"":1660,""title"":""密歇根州立大学"",""titleEn"":""Michigan State University"",""allStu"":665,""cnStu"":665,""outStu"":0}]}",allStu=665; cnStu=665; outStu=0,,,
2026,university-of-new-south-wales,The University of New South Wales,618,undergraduate,翠鹿升学榜,api,offer_rank_pages_1_51.json,https://meiben666.com/mb/api/v2/offerRank/getOSchoolRank,"{""degree"":""本科"",""eduLevel"":""192"",""ranking"":""中国学生榜"",""areaRankId"":""0"",""sortBy"":""0"",""kw"":"""",""sourceRecords"":[{""rank"":647,""sourceSchoolId"":12599,""title"":""新南威尔士大学"",""titleEn"":""The University of New South Wales"",""allStu"":618,""cnStu"":618,""outStu"":0}]}",allStu=618; cnStu=618; outStu=0,,,
2026,university-of-california-santa-cruz,"University of California, Santa Cruz",615,undergraduate,翠鹿升学榜,api,offer_rank_pages_1_51.json,https://meiben666.com/mb/api/v2/offerRank/getOSchoolRank,"{""degree"":""本科"",""eduLevel"":""192"",""ranking"":""中国学生榜"",""areaRankId"":""0"",""sortBy"":""0"",""kw"":"""",""sourceRecords"":[{""rank"":129,""sourceSchoolId"":1703,""title"":""加州大学圣克鲁兹校区"",""titleEn"":""University of California, Santa Cruz"",""allStu"":615,""cnStu"":615,""outStu"":0}]}",allStu=615; cnStu=615; outStu=0,,,
2026,australian-national-university,The Australian National University,602,undergraduate,翠鹿升学榜,api,offer_rank_pages_1_51.json,https://meiben666.com/mb/api/v2/offerRank/getOSchoolRank,"{""degree"":""本科"",""eduLevel"":""192"",""ranking"":""中国学生榜"",""areaRankId"":""0"",""sortBy"":""0"",""kw"":"""",""sourceRecords"":[{""rank"":518,""sourceSchoolId"":11295,""title"":""澳大利亚国立大学"",""titleEn"":""The Australian National University"",""allStu"":602,""cnStu"":602,""outStu"":0}]}",allStu=602; cnStu=602; outStu=0,,,
2026,university-of-california-los-angeles,"University of California, Los Angeles",556,undergraduate,翠鹿升学榜,api,offer_rank_pages_1_51.json,https://meiben666.com/mb/api/v2/offerRank/getOSchoolRank,"{""degree"":""本科"",""eduLevel"":""192"",""ranking"":""中国学生榜"",""areaRankId"":""0"",""sortBy"":""0"",""kw"":"""",""sourceRecords"":[{""rank"":18,""sourceSchoolId"":1598,""title"":""加州大学洛杉矶分校"",""titleEn"":""University of California, Los Angeles"",""allStu"":556,""cnStu"":556,""outStu"":0}]}",allStu=556; cnStu=556; outStu=0,,,
2026,university-of-rochester,University of Rochester,537,undergraduate,翠鹿升学榜,api,offer_rank_pages_1_51.json,https://meiben666.com/mb/api/v2/offerRank/getOSchoolRank,"{""degree"":""本科"",""eduLevel"":""192"",""ranking"":""中国学生榜"",""areaRankId"":""0"",""sortBy"":""0"",""kw"":"""",""sourceRecords"":[{""rank"":66,""sourceSchoolId"":1605,""title"":""罗彻斯特大学"",""titleEn"":""University of Rochester"",""allStu"":537,""cnStu"":537,""outStu"":0}]}",allStu=537; cnStu=537; outStu=0,,,
2026,university-of-california-berkeley,"University of California, Berkeley",524,undergraduate,翠鹿升学榜,api,offer_rank_pages_1_51.json,https://meiben666.com/mb/api/v2/offerRank/getOSchoolRank,"{""degree"":""本科"",""eduLevel"":""192"",""ranking"":""中国学生榜"",""areaRankId"":""0"",""sortBy"":""0"",""kw"":"""",""sourceRecords"":[{""rank"":16,""sourceSchoolId"":1594,""title"":""加州大学伯克利分校"",""titleEn"":""University of California, Berkeley"",""allStu"":524,""cnStu"":524,""outStu"":0}]}",allStu=524; cnStu=524; outStu=0,,,
2026,the-university-of-adelaide,The University of Adelaide,519,undergraduate,翠鹿升学榜,api,offer_rank_pages_1_51.json,https://meiben666.com/mb/api/v2/offerRank/getOSchoolRank,"{""degree"":""本科"",""eduLevel"":""192"",""ranking"":""中国学生榜"",""areaRankId"":""0"",""sortBy"":""0"",""kw"":"""",""sourceRecords"":[{""rank"":531,""sourceSchoolId"":11701,""title"":""阿德莱德大学"",""titleEn"":""The University of Adelaide"",""allStu"":519,""cnStu"":519,""outStu"":0}]}",allStu=519; cnStu=519; outStu=0,,,
2026,university-of-alberta,University of Alberta,468,undergraduate,翠鹿升学榜,api,offer_rank_pages_1_51.json,https://meiben666.com/mb/api/v2/offerRank/getOSchoolRank,"{""degree"":""本科"",""eduLevel"":""192"",""ranking"":""中国学生榜"",""areaRankId"":""0"",""sortBy"":""0"",""kw"":"""",""sourceRecords"":[{""rank"":527,""sourceSchoolId"":11642,""title"":""阿尔伯塔大学"",""titleEn"":""University of Alberta"",""allStu"":468,""cnStu"":468,""outStu"":0}]}",allStu=468; cnStu=468; outStu=0,,,
2026,university-of-waterloo,University of Waterloo,431,undergraduate,翠鹿升学榜,api,offer_rank_pages_1_51.json,https://meiben666.com/mb/api/v2/offerRank/getOSchoolRank,"{""degree"":""本科"",""eduLevel"":""192"",""ranking"":""中国学生榜"",""areaRankId"":""0"",""sortBy"":""0"",""kw"":"""",""sourceRecords"":[{""rank"":162,""sourceSchoolId"":3414,""title"":""滑铁卢大学"",""titleEn"":""University of Waterloo"",""allStu"":431,""cnStu"":431,""outStu"":0}]}",allStu=431; cnStu=431; outStu=0,,,
2026,mcmaster-university,McMaster University,429,undergraduate,翠鹿升学榜,api,offer_rank_pages_1_51.json,https://meiben666.com/mb/api/v2/offerRank/getOSchoolRank,"{""degree"":""本科"",""eduLevel"":""192"",""ranking"":""中国学生榜"",""areaRankId"":""0"",""sortBy"":""0"",""kw"":"""",""sourceRecords"":[{""rank"":483,""sourceSchoolId"":10454,""title"":""麦克马斯特大学"",""titleEn"":""McMaster University"",""allStu"":429,""cnStu"":429,""outStu"":0}]}",allStu=429; cnStu=429; outStu=0,,,
2026,university-of-maryland-college-park,University of Maryland,417,undergraduate,翠鹿升学榜,api,offer_rank_pages_1_51.json,https://meiben666.com/mb/api/v2/offerRank/getOSchoolRank,"{""degree"":""本科"",""eduLevel"":""192"",""ranking"":""中国学生榜"",""areaRankId"":""0"",""sortBy"":""0"",""kw"":"""",""sourceRecords"":[{""rank"":60,""sourceSchoolId"":1702,""title"":""马里兰大学帕克分校"",""titleEn"":""University of Maryland"",""allStu"":417,""cnStu"":417,""outStu"":0}]}",allStu=417; cnStu=417; outStu=0,,,
2026,virginia-tech,Virginia Tech,409,undergraduate,翠鹿升学榜,api,offer_rank_pages_1_51.json,https://meiben666.com/mb/api/v2/offerRank/getOSchoolRank,"{""degree"":""本科"",""eduLevel"":""192"",""ranking"":""中国学生榜"",""areaRankId"":""0"",""sortBy"":""0"",""kw"":"""",""sourceRecords"":[{""rank"":91,""sourceSchoolId"":1685,""title"":""弗吉尼亚理工大学"",""titleEn"":""Virginia Tech"",""allStu"":409,""cnStu"":409,""outStu"":0}]}",allStu=409; cnStu=409; outStu=0,,,
2026,rutgers-university-newark,"Rutgers, the State University of New Jersey-Newark",378,undergraduate,翠鹿升学榜,api,offer_rank_pages_1_51.json,https://meiben666.com/mb/api/v2/offerRank/getOSchoolRank,"{""degree"":""本科"",""eduLevel"":""192"",""ranking"":""中国学生榜"",""areaRankId"":""0"",""sortBy"":""0"",""kw"":"""",""sourceRecords"":[{""rank"":113,""sourceSchoolId"":1769,""title"":""罗格斯大学纽瓦克分校"",""titleEn"":""Rutgers, the State University of New Jersey-Newark"",""allStu"":378,""cnStu"":378,""outStu"":0}]}",allStu=378; cnStu=378; outStu=0,,,
2026,university-of-pittsburgh,University of Pittsburgh,332,undergraduate,翠鹿升学榜,api,offer_rank_pages_1_51.json,https://meiben666.com/mb/api/v2/offerRank/getOSchoolRank,"{""degree"":""本科"",""eduLevel"":""192"",""ranking"":""中国学生榜"",""areaRankId"":""0"",""sortBy"":""0"",""kw"":"""",""sourceRecords"":[{""rank"":109,""sourceSchoolId"":1644,""title"":""匹兹堡大学"",""titleEn"":""University of Pittsburgh"",""allStu"":332,""cnStu"":332,""outStu"":0}]}",allStu=332; cnStu=332; outStu=0,,,
2026,university-of-connecticut,University of Connecticut,331,undergraduate,翠鹿升学榜,api,offer_rank_pages_1_51.json,https://meiben666.com/mb/api/v2/offerRank/getOSchoolRank,"{""degree"":""本科"",""eduLevel"":""192"",""ranking"":""中国学生榜"",""areaRankId"":""0"",""sortBy"":""0"",""kw"":"""",""sourceRecords"":[{""rank"":108,""sourceSchoolId"":1701,""title"":""康涅狄格大学"",""titleEn"":""University of Connecticut"",""allStu"":331,""cnStu"":331,""outStu"":0}]}",allStu=331; cnStu=331; outStu=0,,,
2026,the-university-of-western-australia,University of Western Australia,328,undergraduate,翠鹿升学榜,api,offer_rank_pages_1_51.json,https://meiben666.com/mb/api/v2/offerRank/getOSchoolRank,"{""degree"":""本科"",""eduLevel"":""192"",""ranking"":""中国学生榜"",""areaRankId"":""0"",""sortBy"":""0"",""kw"":"""",""sourceRecords"":[{""rank"":582,""sourceSchoolId"":12077,""title"":""西澳大学"",""titleEn"":""University of Western Australia"",""allStu"":328,""cnStu"":328,""outStu"":0}]}",allStu=328; cnStu=328; outStu=0,,,
2026,university-of-cambridge,Cambridge University,327,undergraduate,翠鹿升学榜,api,offer_rank_pages_1_51.json,https://meiben666.com/mb/api/v2/offerRank/getOSchoolRank,"{""degree"":""本科"",""eduLevel"":""192"",""ranking"":""中国学生榜"",""areaRankId"":""0"",""sortBy"":""0"",""kw"":"""",""sourceRecords"":[{""rank"":42,""sourceSchoolId"":1732,""title"":""剑桥大学"",""titleEn"":""Cambridge University"",""allStu"":327,""cnStu"":327,""outStu"":0}]}",allStu=327; cnStu=327; outStu=0,,,
2026,rutgers-university-camden,Rutgers University-Camden,300,undergraduate,翠鹿升学榜,api,offer_rank_pages_1_51.json,https://meiben666.com/mb/api/v2/offerRank/getOSchoolRank,"{""degree"":""本科"",""eduLevel"":""192"",""ranking"":""中国学生榜"",""areaRankId"":""0"",""sortBy"":""0"",""kw"":"""",""sourceRecords"":[{""rank"":133,""sourceSchoolId"":2974,""title"":""罗格斯大学卡姆登分校"",""titleEn"":""Rutgers University-Camden"",""allStu"":300,""cnStu"":300,""outStu"":0}]}",allStu=300; cnStu=300; outStu=0,,,
2026,university-of-michigan-ann-arbor,"University of Michigan, Ann Arbor",284,undergraduate,翠鹿升学榜,api,offer_rank_pages_1_51.json,https://meiben666.com/mb/api/v2/offerRank/getOSchoolRank,"{""degree"":""本科"",""eduLevel"":""192"",""ranking"":""中国学生榜"",""areaRankId"":""0"",""sortBy"":""0"",""kw"":"""",""sourceRecords"":[{""rank"":21,""sourceSchoolId"":1601,""title"":""密歇根大学安娜堡分校"",""titleEn"":""University of Michigan, Ann Arbor"",""allStu"":284,""cnStu"":284,""outStu"":0}]}",allStu=284; cnStu=284; outStu=0,,,
2026,university-of-massachusetts-amherst,"University of Massachusetts, Amherst",268,undergraduate,翠鹿升学榜,api,offer_rank_pages_1_51.json,https://meiben666.com/mb/api/v2/offerRank/getOSchoolRank,"{""degree"":""本科"",""eduLevel"":""192"",""ranking"":""中国学生榜"",""areaRankId"":""0"",""sortBy"":""0"",""kw"":"""",""sourceRecords"":[{""rank"":104,""sourceSchoolId"":1645,""title"":""马塞诸塞大学安姆斯特分校"",""titleEn"":""University of Massachusetts, Amherst"",""allStu"":268,""cnStu"":268,""outStu"":0}]}",allStu=268; cnStu=268; outStu=0,,,
2026,carnegie-mellon-university,Carnegie Mellon University,245,undergraduate,翠鹿升学榜,api,offer_rank_pages_1_51.json,https://meiben666.com/mb/api/v2/offerRank/getOSchoolRank,"{""degree"":""本科"",""eduLevel"":""192"",""ranking"":""中国学生榜"",""areaRankId"":""0"",""sortBy"":""0"",""kw"":"""",""sourceRecords"":[{""rank"":20,""sourceSchoolId"":1621,""title"":""卡内基梅隆大学"",""titleEn"":""Carnegie Mellon University"",""allStu"":245,""cnStu"":245,""outStu"":0}]}",allStu=245; cnStu=245; outStu=0,,,
2026,washington-university-in-st-louis,Washington University in St.Louis,240,undergraduate,翠鹿升学榜,api,offer_rank_pages_1_51.json,https://meiben666.com/mb/api/v2/offerRank/getOSchoolRank,"{""degree"":""本科"",""eduLevel"":""192"",""ranking"":""中国学生榜"",""areaRankId"":""0"",""sortBy"":""0"",""kw"":"""",""sourceRecords"":[{""rank"":23,""sourceSchoolId"":1593,""title"":""圣路易斯华盛顿大学"",""titleEn"":""Washington University in St.Louis"",""allStu"":240,""cnStu"":240,""outStu"":0}]}",allStu=240; cnStu=240; outStu=0,,,
2026,university-of-oxford,University of Oxford,226,undergraduate,翠鹿升学榜,api,offer_rank_pages_1_51.json,https://meiben666.com/mb/api/v2/offerRank/getOSchoolRank,"{""degree"":""本科"",""eduLevel"":""192"",""ranking"":""中国学生榜"",""areaRankId"":""0"",""sortBy"":""0"",""kw"":"""",""sourceRecords"":[{""rank"":41,""sourceSchoolId"":1731,""title"":""牛津大学"",""titleEn"":""University of Oxford"",""allStu"":226,""cnStu"":226,""outStu"":0}]}",allStu=226; cnStu=226; outStu=0,,,
2026,emory-university,Emory University,224,undergraduate,翠鹿升学榜,api,offer_rank_pages_1_51.json,https://meiben666.com/mb/api/v2/offerRank/getOSchoolRank,"{""degree"":""本科"",""eduLevel"":""192"",""ranking"":""中国学生榜"",""areaRankId"":""0"",""sortBy"":""0"",""kw"":"""",""sourceRecords"":[{""rank"":24,""sourceSchoolId"":1595,""title"":""埃默里大学"",""titleEn"":""Emory University"",""allStu"":224,""cnStu"":224,""outStu"":0}]}",allStu=224; cnStu=224; outStu=0,,,
2026,university-at-buffalo,University at Buffalo SUNY,219,undergraduate,翠鹿升学榜,api,offer_rank_pages_1_51.json,https://meiben666.com/mb/api/v2/offerRank/getOSchoolRank,"{""degree"":""本科"",""eduLevel"":""192"",""ranking"":""中国学生榜"",""areaRankId"":""0"",""sortBy"":""0"",""kw"":"""",""sourceRecords"":[{""rank"":115,""sourceSchoolId"":1706,""title"":""纽约州立大学布法罗分校"",""titleEn"":""University at Buffalo SUNY"",""allStu"":219,""cnStu"":219,""outStu"":0}]}",allStu=219; cnStu=219; outStu=0,,,
2026,queen-s-university,Queen's University,218,undergraduate,翠鹿升学榜,api,offer_rank_pages_1_51.json,https://meiben666.com/mb/api/v2/offerRank/getOSchoolRank,"{""degree"":""本科"",""eduLevel"":""192"",""ranking"":""中国学生榜"",""areaRankId"":""0"",""sortBy"":""0"",""kw"":"""",""sourceRecords"":[{""rank"":489,""sourceSchoolId"":10698,""title"":""女王大学"",""titleEn"":""Queen's University"",""allStu"":189,""cnStu"":189,""outStu"":0},{""rank"":522,""sourceSchoolId"":11458,""title"":""加拿大皇后大学"",""titleEn"":""Queen’s University"",""allStu"":29,""cnStu"":29,""outStu"":0}]}",2 条翠鹿记录汇总；allStu 合计=218,,,
2026,university-of-ottawa,University of Ottawa,212,undergraduate,翠鹿升学榜,api,offer_rank_pages_1_51.json,https://meiben666.com/mb/api/v2/offerRank/getOSchoolRank,"{""degree"":""本科"",""eduLevel"":""192"",""ranking"":""中国学生榜"",""areaRankId"":""0"",""sortBy"":""0"",""kw"":"""",""sourceRecords"":[{""rank"":477,""sourceSchoolId"":10245,""title"":""渥太华大学\t"",""titleEn"":""University of Ottawa"",""allStu"":212,""cnStu"":212,""outStu"":0}]}",allStu=212; cnStu=212; outStu=0,,,
2026,university-of-florida,University of Florida,211,undergraduate,翠鹿升学榜,api,offer_rank_pages_1_51.json,https://meiben666.com/mb/api/v2/offerRank/getOSchoolRank,"{""degree"":""本科"",""eduLevel"":""192"",""ranking"":""中国学生榜"",""areaRankId"":""0"",""sortBy"":""0"",""kw"":"""",""sourceRecords"":[{""rank"":30,""sourceSchoolId"":1700,""title"":""佛罗里达大学"",""titleEn"":""University of Florida"",""allStu"":211,""cnStu"":211,""outStu"":0}]}",allStu=211; cnStu=211; outStu=0,,,
2026,macalester-college,Macalester College,194,undergraduate,翠鹿升学榜,api,offer_rank_pages_1_51.json,https://meiben666.com/mb/api/v2/offerRank/getOSchoolRank,"{""degree"":""本科"",""eduLevel"":""192"",""ranking"":""中国学生榜"",""areaRankId"":""0"",""sortBy"":""0"",""kw"":"""",""sourceRecords"":[{""rank"":82,""sourceSchoolId"":1668,""title"":""玛卡莱斯特学院"",""titleEn"":""Macalester College"",""allStu"":194,""cnStu"":194,""outStu"":0}]}",allStu=194; cnStu=194; outStu=0,,,
2026,lingnan-university,Lingnan University,191,undergraduate,翠鹿升学榜,api,offer_rank_pages_1_51.json,https://meiben666.com/mb/api/v2/offerRank/getOSchoolRank,"{""degree"":""本科"",""eduLevel"":""192"",""ranking"":""中国学生榜"",""areaRankId"":""0"",""sortBy"":""0"",""kw"":"""",""sourceRecords"":[{""rank"":159,""sourceSchoolId"":11561,""title"":""香港岭南大学"",""titleEn"":""Lingnan University"",""allStu"":191,""cnStu"":191,""outStu"":0}]}",allStu=191; cnStu=191; outStu=0,,,
2026,university-of-virginia,University of Virginia,187,undergraduate,翠鹿升学榜,api,offer_rank_pages_1_51.json,https://meiben666.com/mb/api/v2/offerRank/getOSchoolRank,"{""degree"":""本科"",""eduLevel"":""192"",""ranking"":""中国学生榜"",""areaRankId"":""0"",""sortBy"":""0"",""kw"":"""",""sourceRecords"":[{""rank"":27,""sourceSchoolId"":1599,""title"":""弗吉尼亚大学"",""titleEn"":""University of Virginia"",""allStu"":187,""cnStu"":187,""outStu"":0}]}",allStu=187; cnStu=187; outStu=0,,,
2026,georgia-institute-of-technology-main-campus,Georgia Institute of Technology,156,undergraduate,翠鹿升学榜,api,offer_rank_pages_1_51.json,https://meiben666.com/mb/api/v2/offerRank/getOSchoolRank,"{""degree"":""本科"",""eduLevel"":""192"",""ranking"":""中国学生榜"",""areaRankId"":""0"",""sortBy"":""0"",""kw"":"""",""sourceRecords"":[{""rank"":46,""sourceSchoolId"":1607,""title"":""佐治亚理工学院"",""titleEn"":""Georgia Institute of Technology"",""allStu"":156,""cnStu"":156,""outStu"":0}]}",allStu=156; cnStu=156; outStu=0,,,
2026,franklin-and-marshall-college,Franklin and Marshall College,155,undergraduate,翠鹿升学榜,api,offer_rank_pages_1_51.json,https://meiben666.com/mb/api/v2/offerRank/getOSchoolRank,"{""degree"":""本科"",""eduLevel"":""192"",""ranking"":""中国学生榜"",""areaRankId"":""0"",""sortBy"":""0"",""kw"":"""",""sourceRecords"":[{""rank"":137,""sourceSchoolId"":1650,""title"":""富兰克林马歇尔学院"",""titleEn"":""Franklin and Marshall College"",""allStu"":155,""cnStu"":155,""outStu"":0}]}",allStu=155; cnStu=155; outStu=0,,,
2026,brandeis-university,Brandeis University,153,undergraduate,翠鹿升学榜,api,offer_rank_pages_1_51.json,https://meiben666.com/mb/api/v2/offerRank/getOSchoolRank,"{""degree"":""本科"",""eduLevel"":""192"",""ranking"":""中国学生榜"",""areaRankId"":""0"",""sortBy"":""0"",""kw"":"""",""sourceRecords"":[{""rank"":106,""sourceSchoolId"":1628,""title"":""布兰迪斯大学"",""titleEn"":""Brandeis University"",""allStu"":153,""cnStu"":153,""outStu"":0}]}",allStu=153; cnStu=153; outStu=0,,,
2026,syracuse-university,Syracuse University,151,undergraduate,翠鹿升学榜,api,offer_rank_pages_1_51.json,https://meiben666.com/mb/api/v2/offerRank/getOSchoolRank,"{""degree"":""本科"",""eduLevel"":""192"",""ranking"":""中国学生榜"",""areaRankId"":""0"",""sortBy"":""0"",""kw"":"""",""sourceRecords"":[{""rank"":114,""sourceSchoolId"":1676,""title"":""雪城大学"",""titleEn"":""Syracuse University"",""allStu"":151,""cnStu"":151,""outStu"":0}]}",allStu=151; cnStu=151; outStu=0,,,
2026,cornell-university,Cornell University,150,undergraduate,翠鹿升学榜,api,offer_rank_pages_1_51.json,https://meiben666.com/mb/api/v2/offerRank/getOSchoolRank,"{""degree"":""本科"",""eduLevel"":""192"",""ranking"":""中国学生榜"",""areaRankId"":""0"",""sortBy"":""0"",""kw"":"""",""sourceRecords"":[{""rank"":12,""sourceSchoolId"":1590,""title"":""康奈尔大学"",""titleEn"":""Cornell University"",""allStu"":150,""cnStu"":150,""outStu"":0}]}",allStu=150; cnStu=150; outStu=0,,,
2026,north-carolina-state-university-at-raleigh,North Carolina State University,142,undergraduate,翠鹿升学榜,api,offer_rank_pages_1_51.json,https://meiben666.com/mb/api/v2/offerRank/getOSchoolRank,"{""degree"":""本科"",""eduLevel"":""192"",""ranking"":""中国学生榜"",""areaRankId"":""0"",""sortBy"":""0"",""kw"":"""",""sourceRecords"":[{""rank"":102,""sourceSchoolId"":1646,""title"":""北卡罗莱纳州立大学"",""titleEn"":""North Carolina State University"",""allStu"":142,""cnStu"":142,""outStu"":0}]}",allStu=142; cnStu=142; outStu=0,,,
2026,purdue-university,"Purdue University, West Lafayette",139,undergraduate,翠鹿升学榜,api,offer_rank_pages_1_51.json,https://meiben666.com/mb/api/v2/offerRank/getOSchoolRank,"{""degree"":""本科"",""eduLevel"":""192"",""ranking"":""中国学生榜"",""areaRankId"":""0"",""sortBy"":""0"",""kw"":"""",""sourceRecords"":[{""rank"":64,""sourceSchoolId"":1684,""title"":""普渡大学"",""titleEn"":""Purdue University, West Lafayette"",""allStu"":139,""cnStu"":139,""outStu"":0}]}",allStu=139; cnStu=139; outStu=0,,,
2026,binghamton-university,SUNY Binghamton,137,undergraduate,翠鹿升学榜,api,offer_rank_pages_1_51.json,https://meiben666.com/mb/api/v2/offerRank/getOSchoolRank,"{""degree"":""本科"",""eduLevel"":""192"",""ranking"":""中国学生榜"",""areaRankId"":""0"",""sortBy"":""0"",""kw"":"""",""sourceRecords"":[{""rank"":110,""sourceSchoolId"":1992,""title"":""纽约州立大学宾汉姆顿分校"",""titleEn"":""SUNY Binghamton"",""allStu"":137,""cnStu"":137,""outStu"":0}]}",allStu=137; cnStu=137; outStu=0,,,
2026,mount-holyoke-college,Mount Holyoke College,133,undergraduate,翠鹿升学榜,api,offer_rank_pages_1_51.json,https://meiben666.com/mb/api/v2/offerRank/getOSchoolRank,"{""degree"":""本科"",""eduLevel"":""192"",""ranking"":""中国学生榜"",""areaRankId"":""0"",""sortBy"":""0"",""kw"":"""",""sourceRecords"":[{""rank"":83,""sourceSchoolId"":1630,""title"":""曼荷莲学院"",""titleEn"":""Mount Holyoke College"",""allStu"":133,""cnStu"":133,""outStu"":0}]}",allStu=133; cnStu=133; outStu=0,,,
2026,santa-clara-university,Santa Clara University,114,undergraduate,翠鹿升学榜,api,offer_rank_pages_1_51.json,https://meiben666.com/mb/api/v2/offerRank/getOSchoolRank,"{""degree"":""本科"",""eduLevel"":""192"",""ranking"":""中国学生榜"",""areaRankId"":""0"",""sortBy"":""0"",""kw"":"""",""sourceRecords"":[{""rank"":98,""sourceSchoolId"":1658,""title"":""圣塔克拉拉大学"",""titleEn"":""Santa Clara University"",""allStu"":114,""cnStu"":114,""outStu"":0}]}",allStu=114; cnStu=114; outStu=0,,,
2026,york-university,York University,113,undergraduate,翠鹿升学榜,api,offer_rank_pages_1_51.json,https://meiben666.com/mb/api/v2/offerRank/getOSchoolRank,"{""degree"":""本科"",""eduLevel"":""192"",""ranking"":""中国学生榜"",""areaRankId"":""0"",""sortBy"":""0"",""kw"":"""",""sourceRecords"":[{""rank"":649,""sourceSchoolId"":12601,""title"":""约克大学"",""titleEn"":""York University"",""allStu"":113,""cnStu"":113,""outStu"":0}]}",allStu=113; cnStu=113; outStu=0,,,
2026,wesleyan-university,Wesleyan University,109,undergraduate,翠鹿升学榜,api,offer_rank_pages_1_51.json,https://meiben666.com/mb/api/v2/offerRank/getOSchoolRank,"{""degree"":""本科"",""eduLevel"":""192"",""ranking"":""中国学生榜"",""areaRankId"":""0"",""sortBy"":""0"",""kw"":"""",""sourceRecords"":[{""rank"":74,""sourceSchoolId"":1642,""title"":""维思大学"",""titleEn"":""Wesleyan University"",""allStu"":109,""cnStu"":109,""outStu"":0}]}",allStu=109; cnStu=109; outStu=0,,,
2026,the-university-of-texas-at-austin,University of Texas at Austin,104,undergraduate,翠鹿升学榜,api,offer_rank_pages_1_51.json,https://meiben666.com/mb/api/v2/offerRank/getOSchoolRank,"{""degree"":""本科"",""eduLevel"":""192"",""ranking"":""中国学生榜"",""areaRankId"":""0"",""sortBy"":""0"",""kw"":"""",""sourceRecords"":[{""rank"":31,""sourceSchoolId"":1723,""title"":""德克萨斯大学奥斯汀分校"",""titleEn"":""University of Texas at Austin"",""allStu"":104,""cnStu"":104,""outStu"":0}]}",allStu=104; cnStu=104; outStu=0,,,
2026,case-western-reserve-university,Case Western Reserve University,99,undergraduate,翠鹿升学榜,api,offer_rank_pages_1_51.json,https://meiben666.com/mb/api/v2/offerRank/getOSchoolRank,"{""degree"":""本科"",""eduLevel"":""192"",""ranking"":""中国学生榜"",""areaRankId"":""0"",""sortBy"":""0"",""kw"":"""",""sourceRecords"":[{""rank"":88,""sourceSchoolId"":1610,""title"":""凯斯西储大学"",""titleEn"":""Case Western Reserve University"",""allStu"":99,""cnStu"":99,""outStu"":0}]}",allStu=99; cnStu=99; outStu=0,,,
2026,grinnell-college,Grinnell College,97,undergraduate,翠鹿升学榜,api,offer_rank_pages_1_51.json,https://meiben666.com/mb/api/v2/offerRank/getOSchoolRank,"{""degree"":""本科"",""eduLevel"":""192"",""ranking"":""中国学生榜"",""areaRankId"":""0"",""sortBy"":""0"",""kw"":"""",""sourceRecords"":[{""rank"":69,""sourceSchoolId"":1627,""title"":""格林内尔学院"",""titleEn"":""Grinnell College"",""allStu"":97,""cnStu"":97,""outStu"":0}]}",allStu=97; cnStu=97; outStu=0,,,
2026,nanyang-technological-university,"Nanyang Technological University, Singapore (NTU)",97,undergraduate,翠鹿升学榜,api,offer_rank_pages_1_51.json,https://meiben666.com/mb/api/v2/offerRank/getOSchoolRank,"{""degree"":""本科"",""eduLevel"":""192"",""ranking"":""中国学生榜"",""areaRankId"":""0"",""sortBy"":""0"",""kw"":"""",""sourceRecords"":[{""rank"":164,""sourceSchoolId"":10777,""title"":""新加坡南洋理工大学"",""titleEn"":""Nanyang Technological University, Singapore (NTU)"",""allStu"":97,""cnStu"":97,""outStu"":0}]}",allStu=97; cnStu=97; outStu=0,,,
2026,rice-university,Rice University,89,undergraduate,翠鹿升学榜,api,offer_rank_pages_1_51.json,https://meiben666.com/mb/api/v2/offerRank/getOSchoolRank,"{""degree"":""本科"",""eduLevel"":""192"",""ranking"":""中国学生榜"",""areaRankId"":""0"",""sortBy"":""0"",""kw"":"""",""sourceRecords"":[{""rank"":17,""sourceSchoolId"":1592,""title"":""莱斯大学"",""titleEn"":""Rice University"",""allStu"":89,""cnStu"":89,""outStu"":0}]}",allStu=89; cnStu=89; outStu=0,,,
2026,indiana-university-bloomington,Indiana University Bloomington,87,undergraduate,翠鹿升学榜,api,offer_rank_pages_1_51.json,https://meiben666.com/mb/api/v2/offerRank/getOSchoolRank,"{""degree"":""本科"",""eduLevel"":""192"",""ranking"":""中国学生榜"",""areaRankId"":""0"",""sortBy"":""0"",""kw"":"""",""sourceRecords"":[{""rank"":111,""sourceSchoolId"":1647,""title"":""印第安纳大学伯明顿分校"",""titleEn"":""Indiana University Bloomington"",""allStu"":87,""cnStu"":87,""outStu"":0}]}",allStu=87; cnStu=87; outStu=0,,,
2026,hong-kong-baptist-university,Hong Kong Baptist University,85,undergraduate,翠鹿升学榜,api,offer_rank_pages_1_51.json,https://meiben666.com/mb/api/v2/offerRank/getOSchoolRank,"{""degree"":""本科"",""eduLevel"":""192"",""ranking"":""中国学生榜"",""areaRankId"":""0"",""sortBy"":""0"",""kw"":"""",""sourceRecords"":[{""rank"":158,""sourceSchoolId"":11991,""title"":""香港浸会大学"",""titleEn"":""Hong Kong Baptist University"",""allStu"":85,""cnStu"":85,""outStu"":0}]}",allStu=85; cnStu=85; outStu=0,,,
2026,carleton-college,Carleton College,84,undergraduate,翠鹿升学榜,api,offer_rank_pages_1_51.json,https://meiben666.com/mb/api/v2/offerRank/getOSchoolRank,"{""degree"":""本科"",""eduLevel"":""192"",""ranking"":""中国学生榜"",""areaRankId"":""0"",""sortBy"":""0"",""kw"":"""",""sourceRecords"":[{""rank"":39,""sourceSchoolId"":1715,""title"":""卡尔顿学院"",""titleEn"":""Carleton College"",""allStu"":84,""cnStu"":84,""outStu"":0}]}",allStu=84; cnStu=84; outStu=0,,,
2026,middlebury-college,Middlebury College,84,undergraduate,翠鹿升学榜,api,offer_rank_pages_1_51.json,https://meiben666.com/mb/api/v2/offerRank/getOSchoolRank,"{""degree"":""本科"",""eduLevel"":""192"",""ranking"":""中国学生榜"",""areaRankId"":""0"",""sortBy"":""0"",""kw"":"""",""sourceRecords"":[{""rank"":71,""sourceSchoolId"":1632,""title"":""明德学院"",""titleEn"":""Middlebury College"",""allStu"":84,""cnStu"":84,""outStu"":0}]}",allStu=84; cnStu=84; outStu=0,,,
2026,rochester-institute-of-technology,Rochester Institute of Technology,84,undergraduate,翠鹿升学榜,api,offer_rank_pages_1_51.json,https://meiben666.com/mb/api/v2/offerRank/getOSchoolRank,"{""degree"":""本科"",""eduLevel"":""192"",""ranking"":""中国学生榜"",""areaRankId"":""0"",""sortBy"":""0"",""kw"":"""",""sourceRecords"":[{""rank"":127,""sourceSchoolId"":1807,""title"":""罗彻斯特理工学院"",""titleEn"":""Rochester Institute of Technology"",""allStu"":84,""cnStu"":84,""outStu"":0}]}",allStu=84; cnStu=84; outStu=0,,,
2026,boston-college,Boston College,83,undergraduate,翠鹿升学榜,api,offer_rank_pages_1_51.json,https://meiben666.com/mb/api/v2/offerRank/getOSchoolRank,"{""degree"":""本科"",""eduLevel"":""192"",""ranking"":""中国学生榜"",""areaRankId"":""0"",""sortBy"":""0"",""kw"":"""",""sourceRecords"":[{""rank"":52,""sourceSchoolId"":1604,""title"":""波士顿学院"",""titleEn"":""Boston College"",""allStu"":83,""cnStu"":83,""outStu"":0}]}",allStu=83; cnStu=83; outStu=0,,,
2026,northwestern-university,Northwestern University,83,undergraduate,翠鹿升学榜,api,offer_rank_pages_1_51.json,https://meiben666.com/mb/api/v2/offerRank/getOSchoolRank,"{""degree"":""本科"",""eduLevel"":""192"",""ranking"":""中国学生榜"",""areaRankId"":""0"",""sortBy"":""0"",""kw"":"""",""sourceRecords"":[{""rank"":9,""sourceSchoolId"":1620,""title"":""西北大学"",""titleEn"":""Northwestern University"",""allStu"":83,""cnStu"":83,""outStu"":0}]}",allStu=83; cnStu=83; outStu=0,,,
2026,vassar-college,Vassar College,83,undergraduate,翠鹿升学榜,api,offer_rank_pages_1_51.json,https://meiben666.com/mb/api/v2/offerRank/getOSchoolRank,"{""degree"":""本科"",""eduLevel"":""192"",""ranking"":""中国学生榜"",""areaRankId"":""0"",""sortBy"":""0"",""kw"":"""",""sourceRecords"":[{""rank"":73,""sourceSchoolId"":1641,""title"":""瓦萨学院"",""titleEn"":""Vassar College"",""allStu"":83,""cnStu"":83,""outStu"":0}]}",allStu=83; cnStu=83; outStu=0,,,
2026,george-washington-university,The George Washington University,81,undergraduate,翠鹿升学榜,api,offer_rank_pages_1_51.json,https://meiben666.com/mb/api/v2/offerRank/getOSchoolRank,"{""degree"":""本科"",""eduLevel"":""192"",""ranking"":""中国学生榜"",""areaRankId"":""0"",""sortBy"":""0"",""kw"":"""",""sourceRecords"":[{""rank"":96,""sourceSchoolId"":1656,""title"":""乔治·华盛顿大学"",""titleEn"":""The George Washington University"",""allStu"":81,""cnStu"":81,""outStu"":0}]}",allStu=81; cnStu=81; outStu=0,,,
2026,johns-hopkins-university,Johns Hopkins University,78,undergraduate,翠鹿升学榜,api,offer_rank_pages_1_51.json,https://meiben666.com/mb/api/v2/offerRank/getOSchoolRank,"{""degree"":""本科"",""eduLevel"":""192"",""ranking"":""中国学生榜"",""areaRankId"":""0"",""sortBy"":""0"",""kw"":"""",""sourceRecords"":[{""rank"":8,""sourceSchoolId"":1625,""title"":""约翰霍普金斯大学"",""titleEn"":""Johns Hopkins University"",""allStu"":78,""cnStu"":78,""outStu"":0}]}",allStu=78; cnStu=78; outStu=0,,,
2026,colgate-university,Colgate University,77,undergraduate,翠鹿升学榜,api,offer_rank_pages_1_51.json,https://meiben666.com/mb/api/v2/offerRank/getOSchoolRank,"{""degree"":""本科"",""eduLevel"":""192"",""ranking"":""中国学生榜"",""areaRankId"":""0"",""sortBy"":""0"",""kw"":"""",""sourceRecords"":[{""rank"":76,""sourceSchoolId"":1678,""title"":""科尔盖特大学"",""titleEn"":""Colgate University"",""allStu"":77,""cnStu"":77,""outStu"":0}]}",allStu=77; cnStu=77; outStu=0,,,
2026,university-of-chicago,University of Chicago,77,undergraduate,翠鹿升学榜,api,offer_rank_pages_1_51.json,https://meiben666.com/mb/api/v2/offerRank/getOSchoolRank,"{""degree"":""本科"",""eduLevel"":""192"",""ranking"":""中国学生榜"",""areaRankId"":""0"",""sortBy"":""0"",""kw"":"""",""sourceRecords"":[{""rank"":6,""sourceSchoolId"":1581,""title"":""芝加哥大学"",""titleEn"":""University of Chicago"",""allStu"":77,""cnStu"":77,""outStu"":0}]}",allStu=77; cnStu=77; outStu=0,,,
2026,vanderbilt-university,Vanderbilt University,74,undergraduate,翠鹿升学榜,api,offer_rank_pages_1_51.json,https://meiben666.com/mb/api/v2/offerRank/getOSchoolRank,"{""degree"":""本科"",""eduLevel"":""192"",""ranking"":""中国学生榜"",""areaRankId"":""0"",""sortBy"":""0"",""kw"":"""",""sourceRecords"":[{""rank"":19,""sourceSchoolId"":1591,""title"":""范德堡大学"",""titleEn"":""Vanderbilt University"",""allStu"":74,""cnStu"":74,""outStu"":0}]}",allStu=74; cnStu=74; outStu=0,,,
2026,simon-fraser-university,Simon Fraser University,73,undergraduate,翠鹿升学榜,api,offer_rank_pages_1_51.json,https://meiben666.com/mb/api/v2/offerRank/getOSchoolRank,"{""degree"":""本科"",""eduLevel"":""192"",""ranking"":""中国学生榜"",""areaRankId"":""0"",""sortBy"":""0"",""kw"":"""",""sourceRecords"":[{""rank"":469,""sourceSchoolId"":3413,""title"":""西蒙菲莎大学"",""titleEn"":""Simon Fraser University"",""allStu"":4,""cnStu"":4,""outStu"":0},{""rank"":504,""sourceSchoolId"":10887,""title"":""西蒙菲莎大学"",""titleEn"":""Simon\t Fraser University"",""allStu"":69,""cnStu"":69,""outStu"":0}]}",2 条翠鹿记录汇总；allStu 合计=73,,,
2026,the-education-university-of-hong-kong,The Education University of Hong Kong,71,undergraduate,翠鹿升学榜,api,offer_rank_pages_1_51.json,https://meiben666.com/mb/api/v2/offerRank/getOSchoolRank,"{""degree"":""本科"",""eduLevel"":""192"",""ranking"":""中国学生榜"",""areaRankId"":""0"",""sortBy"":""0"",""kw"":"""",""sourceRecords"":[{""rank"":160,""sourceSchoolId"":12203,""title"":""香港教育大学"",""titleEn"":""The Education University of Hong Kong"",""allStu"":71,""cnStu"":71,""outStu"":0}]}",allStu=71; cnStu=71; outStu=0,,,
2026,tufts-university,Tufts University,71,undergraduate,翠鹿升学榜,api,offer_rank_pages_1_51.json,https://meiben666.com/mb/api/v2/offerRank/getOSchoolRank,"{""degree"":""本科"",""eduLevel"":""192"",""ranking"":""中国学生榜"",""areaRankId"":""0"",""sortBy"":""0"",""kw"":"""",""sourceRecords"":[{""rank"":53,""sourceSchoolId"":1600,""title"":""塔夫茨大学"",""titleEn"":""Tufts University"",""allStu"":71,""cnStu"":71,""outStu"":0}]}",allStu=71; cnStu=71; outStu=0,,,
2026,colby-college,Colby College,69,undergraduate,翠鹿升学榜,api,offer_rank_pages_1_51.json,https://meiben666.com/mb/api/v2/offerRank/getOSchoolRank,"{""degree"":""本科"",""eduLevel"":""192"",""ranking"":""中国学生榜"",""areaRankId"":""0"",""sortBy"":""0"",""kw"":"""",""sourceRecords"":[{""rank"":79,""sourceSchoolId"":1633,""title"":""科尔比学院"",""titleEn"":""Colby College"",""allStu"":69,""cnStu"":69,""outStu"":0}]}",allStu=69; cnStu=69; outStu=0,,,
2026,pepperdine-university,Pepperdine University,69,undergraduate,翠鹿升学榜,api,offer_rank_pages_1_51.json,https://meiben666.com/mb/api/v2/offerRank/getOSchoolRank,"{""degree"":""本科"",""eduLevel"":""192"",""ranking"":""中国学生榜"",""areaRankId"":""0"",""sortBy"":""0"",""kw"":"""",""sourceRecords"":[{""rank"":121,""sourceSchoolId"":1711,""title"":""佩珀代因大学"",""titleEn"":""Pepperdine University"",""allStu"":69,""cnStu"":69,""outStu"":0}]}",allStu=69; cnStu=69; outStu=0,,,
2026,fordham-university,Fordham University,67,undergraduate,翠鹿升学榜,api,offer_rank_pages_1_51.json,https://meiben666.com/mb/api/v2/offerRank/getOSchoolRank,"{""degree"":""本科"",""eduLevel"":""192"",""ranking"":""中国学生榜"",""areaRankId"":""0"",""sortBy"":""0"",""kw"":"""",""sourceRecords"":[{""rank"":132,""sourceSchoolId"":1635,""title"":""福特汉姆大学"",""titleEn"":""Fordham University"",""allStu"":67,""cnStu"":67,""outStu"":0}]}",allStu=67; cnStu=67; outStu=0,,,
2026,smith-college,Smith College,64,undergraduate,翠鹿升学榜,api,offer_rank_pages_1_51.json,https://meiben666.com/mb/api/v2/offerRank/getOSchoolRank,"{""degree"":""本科"",""eduLevel"":""192"",""ranking"":""中国学生榜"",""areaRankId"":""0"",""sortBy"":""0"",""kw"":"""",""sourceRecords"":[{""rank"":72,""sourceSchoolId"":1640,""title"":""史密斯学院"",""titleEn"":""Smith College"",""allStu"":64,""cnStu"":64,""outStu"":0}]}",allStu=64; cnStu=64; outStu=0,,,
2026,stanford-university,Stanford University,63,undergraduate,翠鹿升学榜,api,offer_rank_pages_1_51.json,https://meiben666.com/mb/api/v2/offerRank/getOSchoolRank,"{""degree"":""本科"",""eduLevel"":""192"",""ranking"":""中国学生榜"",""areaRankId"":""0"",""sortBy"":""0"",""kw"":"""",""sourceRecords"":[{""rank"":4,""sourceSchoolId"":1583,""title"":""斯坦福大学"",""titleEn"":""Stanford University"",""allStu"":63,""cnStu"":63,""outStu"":0}]}",allStu=63; cnStu=63; outStu=0,,,
2026,columbia-university,Columbia University in the City of New York,62,undergraduate,翠鹿升学榜,api,offer_rank_pages_1_51.json,https://meiben666.com/mb/api/v2/offerRank/getOSchoolRank,"{""degree"":""本科"",""eduLevel"":""192"",""ranking"":""中国学生榜"",""areaRankId"":""0"",""sortBy"":""0"",""kw"":"""",""sourceRecords"":[{""rank"":15,""sourceSchoolId"":1584,""title"":""哥伦比亚大学"",""titleEn"":""Columbia University in the City of New York"",""allStu"":62,""cnStu"":62,""outStu"":0}]}",allStu=62; cnStu=62; outStu=0,,,
2026,duke-university,Duke University,62,undergraduate,翠鹿升学榜,api,offer_rank_pages_1_51.json,https://meiben666.com/mb/api/v2/offerRank/getOSchoolRank,"{""degree"":""本科"",""eduLevel"":""192"",""ranking"":""中国学生榜"",""areaRankId"":""0"",""sortBy"":""0"",""kw"":"""",""sourceRecords"":[{""rank"":7,""sourceSchoolId"":1587,""title"":""杜克大学"",""titleEn"":""Duke University"",""allStu"":62,""cnStu"":62,""outStu"":0}]}",allStu=62; cnStu=62; outStu=0,,,
2026,georgetown-university,Georgetown University,55,undergraduate,翠鹿升学榜,api,offer_rank_pages_1_51.json,https://meiben666.com/mb/api/v2/offerRank/getOSchoolRank,"{""degree"":""本科"",""eduLevel"":""192"",""ranking"":""中国学生榜"",""areaRankId"":""0"",""sortBy"":""0"",""kw"":"""",""sourceRecords"":[{""rank"":25,""sourceSchoolId"":1596,""title"":""乔治城大学"",""titleEn"":""Georgetown University"",""allStu"":55,""cnStu"":55,""outStu"":0}]}",allStu=55; cnStu=55; outStu=0,,,
2026,swarthmore-college,Swarthmore College,55,undergraduate,翠鹿升学榜,api,offer_rank_pages_1_51.json,https://meiben666.com/mb/api/v2/offerRank/getOSchoolRank,"{""degree"":""本科"",""eduLevel"":""192"",""ranking"":""中国学生榜"",""areaRankId"":""0"",""sortBy"":""0"",""kw"":"""",""sourceRecords"":[{""rank"":34,""sourceSchoolId"":1695,""title"":""斯沃斯莫尔学院"",""titleEn"":""Swarthmore College"",""allStu"":55,""cnStu"":55,""outStu"":0}]}",allStu=55; cnStu=55; outStu=0,,,
2026,texas-a-and-m-university,Texas A&M University,55,undergraduate,翠鹿升学榜,api,offer_rank_pages_1_51.json,https://meiben666.com/mb/api/v2/offerRank/getOSchoolRank,"{""degree"":""本科"",""eduLevel"":""192"",""ranking"":""中国学生榜"",""areaRankId"":""0"",""sortBy"":""0"",""kw"":"""",""sourceRecords"":[{""rank"":90,""sourceSchoolId"":1728,""title"":""德克萨斯农工大学"",""titleEn"":""Texas A&M University"",""allStu"":55,""cnStu"":55,""outStu"":0}]}",allStu=55; cnStu=55; outStu=0,,,
2026,rensselaer-polytechnic-institute,Rensselaer Polytechnic Institute,54,undergraduate,翠鹿升学榜,api,offer_rank_pages_1_51.json,https://meiben666.com/mb/api/v2/offerRank/getOSchoolRank,"{""degree"":""本科"",""eduLevel"":""192"",""ranking"":""中国学生榜"",""areaRankId"":""0"",""sortBy"":""0"",""kw"":"""",""sourceRecords"":[{""rank"":103,""sourceSchoolId"":1613,""title"":""伦斯勒理工学院"",""titleEn"":""Rensselaer Polytechnic Institute"",""allStu"":54,""cnStu"":54,""outStu"":0}]}",allStu=54; cnStu=54; outStu=0,,,
2026,hamilton-college,Hamilton College,52,undergraduate,翠鹿升学榜,api,offer_rank_pages_1_51.json,https://meiben666.com/mb/api/v2/offerRank/getOSchoolRank,"{""degree"":""本科"",""eduLevel"":""192"",""ranking"":""中国学生榜"",""areaRankId"":""0"",""sortBy"":""0"",""kw"":"""",""sourceRecords"":[{""rank"":70,""sourceSchoolId"":1649,""title"":""汉密尔顿学院"",""titleEn"":""Hamilton College"",""allStu"":52,""cnStu"":52,""outStu"":0}]}",allStu=52; cnStu=52; outStu=0,,,
2026,occidental-college,Occidental College,52,undergraduate,翠鹿升学榜,api,offer_rank_pages_1_51.json,https://meiben666.com/mb/api/v2/offerRank/getOSchoolRank,"{""degree"":""本科"",""eduLevel"":""192"",""ranking"":""中国学生榜"",""areaRankId"":""0"",""sortBy"":""0"",""kw"":"""",""sourceRecords"":[{""rank"":138,""sourceSchoolId"":1786,""title"":""西方学院"",""titleEn"":""Occidental College"",""allStu"":52,""cnStu"":52,""outStu"":0}]}",allStu=52; cnStu=52; outStu=0,,,
2026,university-of-pennsylvania,University of Pennsylvania,52,undergraduate,翠鹿升学榜,api,offer_rank_pages_1_51.json,https://meiben666.com/mb/api/v2/offerRank/getOSchoolRank,"{""degree"":""本科"",""eduLevel"":""192"",""ranking"":""中国学生榜"",""areaRankId"":""0"",""sortBy"":""0"",""kw"":"""",""sourceRecords"":[{""rank"":10,""sourceSchoolId"":1586,""title"":""宾夕法尼亚大学"",""titleEn"":""University of Pennsylvania"",""allStu"":52,""cnStu"":52,""outStu"":0}]}",allStu=52; cnStu=52; outStu=0,,,
2026,dalhousie-university,Dalhousie University,51,undergraduate,翠鹿升学榜,api,offer_rank_pages_1_51.json,https://meiben666.com/mb/api/v2/offerRank/getOSchoolRank,"{""degree"":""本科"",""eduLevel"":""192"",""ranking"":""中国学生榜"",""areaRankId"":""0"",""sortBy"":""0"",""kw"":"""",""sourceRecords"":[{""rank"":544,""sourceSchoolId"":11755,""title"":""达尔豪斯大学"",""titleEn"":""Dalhousie University"",""allStu"":51,""cnStu"":51,""outStu"":0}]}",allStu=51; cnStu=51; outStu=0,,,
2026,university-of-illinois-chicago,University of Illinois at Chicago,47,undergraduate,翠鹿升学榜,api,offer_rank_pages_1_51.json,https://meiben666.com/mb/api/v2/offerRank/getOSchoolRank,"{""degree"":""本科"",""eduLevel"":""192"",""ranking"":""中国学生榜"",""areaRankId"":""0"",""sortBy"":""0"",""kw"":"""",""sourceRecords"":[{""rank"":122,""sourceSchoolId"":1980,""title"":""伊利诺伊大学芝加哥分校"",""titleEn"":""University of Illinois at Chicago"",""allStu"":47,""cnStu"":47,""outStu"":0}]}",allStu=47; cnStu=47; outStu=0,,,
2026,lafayette-college,Lafayette College,46,undergraduate,翠鹿升学榜,api,offer_rank_pages_1_51.json,https://meiben666.com/mb/api/v2/offerRank/getOSchoolRank,"{""degree"":""本科"",""eduLevel"":""192"",""ranking"":""中国学生榜"",""areaRankId"":""0"",""sortBy"":""0"",""kw"":"""",""sourceRecords"":[{""rank"":87,""sourceSchoolId"":1692,""title"":""拉法耶特学院"",""titleEn"":""Lafayette College"",""allStu"":46,""cnStu"":46,""outStu"":0}]}",allStu=46; cnStu=46; outStu=0,,,
2026,university-of-miami,University of Miami,46,undergraduate,翠鹿升学榜,api,offer_rank_pages_1_51.json,https://meiben666.com/mb/api/v2/offerRank/getOSchoolRank,"{""degree"":""本科"",""eduLevel"":""192"",""ranking"":""中国学生榜"",""areaRankId"":""0"",""sortBy"":""0"",""kw"":"""",""sourceRecords"":[{""rank"":105,""sourceSchoolId"":1617,""title"":""迈阿密大学"",""titleEn"":""University of Miami"",""allStu"":46,""cnStu"":46,""outStu"":0}]}",allStu=46; cnStu=46; outStu=0,,,
2026,william-and-mary,College of William and Mary,45,undergraduate,翠鹿升学榜,api,offer_rank_pages_1_51.json,https://meiben666.com/mb/api/v2/offerRank/getOSchoolRank,"{""degree"":""本科"",""eduLevel"":""192"",""ranking"":""中国学生榜"",""areaRankId"":""0"",""sortBy"":""0"",""kw"":"""",""sourceRecords"":[{""rank"":93,""sourceSchoolId"":1606,""title"":""威廉玛丽学院"",""titleEn"":""College of William and Mary"",""allStu"":45,""cnStu"":45,""outStu"":0}]}",allStu=45; cnStu=45; outStu=0,,,
2026,university-of-georgia,University of Georgia,44,undergraduate,翠鹿升学榜,api,offer_rank_pages_1_51.json,https://meiben666.com/mb/api/v2/offerRank/getOSchoolRank,"{""degree"":""本科"",""eduLevel"":""192"",""ranking"":""中国学生榜"",""areaRankId"":""0"",""sortBy"":""0"",""kw"":"""",""sourceRecords"":[{""rank"":65,""sourceSchoolId"":1663,""title"":""佐治亚大学"",""titleEn"":""University of Georgia"",""allStu"":44,""cnStu"":44,""outStu"":0}]}",allStu=44; cnStu=44; outStu=0,,,
2026,wellesley-college,Wellesley College,42,undergraduate,翠鹿升学榜,api,offer_rank_pages_1_51.json,https://meiben666.com/mb/api/v2/offerRank/getOSchoolRank,"{""degree"":""本科"",""eduLevel"":""192"",""ranking"":""中国学生榜"",""areaRankId"":""0"",""sortBy"":""0"",""kw"":"""",""sourceRecords"":[{""rank"":38,""sourceSchoolId"":1624,""title"":""威尔斯利学院"",""titleEn"":""Wellesley College"",""allStu"":42,""cnStu"":42,""outStu"":0}]}",allStu=42; cnStu=42; outStu=0,,,
2026,brown-university,Brown University,37,undergraduate,翠鹿升学榜,api,offer_rank_pages_1_51.json,https://meiben666.com/mb/api/v2/offerRank/getOSchoolRank,"{""degree"":""本科"",""eduLevel"":""192"",""ranking"":""中国学生榜"",""areaRankId"":""0"",""sortBy"":""0"",""kw"":"""",""sourceRecords"":[{""rank"":13,""sourceSchoolId"":1589,""title"":""布朗大学"",""titleEn"":""Brown University"",""allStu"":37,""cnStu"":37,""outStu"":0}]}",allStu=37; cnStu=37; outStu=0,,,
2026,university-of-calgary,University of Calgary,37,undergraduate,翠鹿升学榜,api,offer_rank_pages_1_51.json,https://meiben666.com/mb/api/v2/offerRank/getOSchoolRank,"{""degree"":""本科"",""eduLevel"":""192"",""ranking"":""中国学生榜"",""areaRankId"":""0"",""sortBy"":""0"",""kw"":"""",""sourceRecords"":[{""rank"":598,""sourceSchoolId"":12127,""title"":""卡尔加里大学"",""titleEn"":""University of Calgary"",""allStu"":37,""cnStu"":37,""outStu"":0}]}",allStu=37; cnStu=37; outStu=0,,,
2026,colorado-college,Colorado College,35,undergraduate,翠鹿升学榜,api,offer_rank_pages_1_51.json,https://meiben666.com/mb/api/v2/offerRank/getOSchoolRank,"{""degree"":""本科"",""eduLevel"":""192"",""ranking"":""中国学生榜"",""areaRankId"":""0"",""sortBy"":""0"",""kw"":"""",""sourceRecords"":[{""rank"":86,""sourceSchoolId"":1693,""title"":""科罗拉多学院"",""titleEn"":""Colorado College"",""allStu"":35,""cnStu"":35,""outStu"":0}]}",allStu=35; cnStu=35; outStu=0,,,
2026,barnard-college,Barnard College,33,undergraduate,翠鹿升学榜,api,offer_rank_pages_1_51.json,https://meiben666.com/mb/api/v2/offerRank/getOSchoolRank,"{""degree"":""本科"",""eduLevel"":""192"",""ranking"":""中国学生榜"",""areaRankId"":""0"",""sortBy"":""0"",""kw"":"""",""sourceRecords"":[{""rank"":67,""sourceSchoolId"":1643,""title"":""巴纳德学院"",""titleEn"":""Barnard College"",""allStu"":33,""cnStu"":33,""outStu"":0}]}",allStu=33; cnStu=33; outStu=0,,,
2026,haverford-college,Haverford College,32,undergraduate,翠鹿升学榜,api,offer_rank_pages_1_51.json,https://meiben666.com/mb/api/v2/offerRank/getOSchoolRank,"{""degree"":""本科"",""eduLevel"":""192"",""ranking"":""中国学生榜"",""areaRankId"":""0"",""sortBy"":""0"",""kw"":"""",""sourceRecords"":[{""rank"":80,""sourceSchoolId"":1626,""title"":""哈弗福德学院"",""titleEn"":""Haverford College"",""allStu"":32,""cnStu"":32,""outStu"":0}]}",allStu=32; cnStu=32; outStu=0,,,
2026,bryn-mawr-college,Bryn Mawr College,31,undergraduate,翠鹿升学榜,api,offer_rank_pages_1_51.json,https://meiben666.com/mb/api/v2/offerRank/getOSchoolRank,"{""degree"":""本科"",""eduLevel"":""192"",""ranking"":""中国学生榜"",""areaRankId"":""0"",""sortBy"":""0"",""kw"":"""",""sourceRecords"":[{""rank"":84,""sourceSchoolId"":1730,""title"":""布林茅尔学院"",""titleEn"":""Bryn Mawr College"",""allStu"":31,""cnStu"":31,""outStu"":0}]}",allStu=31; cnStu=31; outStu=0,,,
2026,lehigh-university,Lehigh University,30,undergraduate,翠鹿升学榜,api,offer_rank_pages_1_51.json,https://meiben666.com/mb/api/v2/offerRank/getOSchoolRank,"{""degree"":""本科"",""eduLevel"":""192"",""ranking"":""中国学生榜"",""areaRankId"":""0"",""sortBy"":""0"",""kw"":"""",""sourceRecords"":[{""rank"":62,""sourceSchoolId"":1655,""title"":""理海大学"",""titleEn"":""Lehigh University"",""allStu"":30,""cnStu"":30,""outStu"":0}]}",allStu=30; cnStu=30; outStu=0,,,
2026,williams-college,Williams College,27,undergraduate,翠鹿升学榜,api,offer_rank_pages_1_51.json,https://meiben666.com/mb/api/v2/offerRank/getOSchoolRank,"{""degree"":""本科"",""eduLevel"":""192"",""ranking"":""中国学生榜"",""areaRankId"":""0"",""sortBy"":""0"",""kw"":"""",""sourceRecords"":[{""rank"":32,""sourceSchoolId"":1618,""title"":""威廉姆斯学院"",""titleEn"":""Williams College"",""allStu"":27,""cnStu"":27,""outStu"":0}]}",allStu=27; cnStu=27; outStu=0,,,
2026,worcester-polytechnic-institute,Worcester Polytechnic Institute,24,undergraduate,翠鹿升学榜,api,offer_rank_pages_1_51.json,https://meiben666.com/mb/api/v2/offerRank/getOSchoolRank,"{""degree"":""本科"",""eduLevel"":""192"",""ranking"":""中国学生榜"",""areaRankId"":""0"",""sortBy"":""0"",""kw"":"""",""sourceRecords"":[{""rank"":123,""sourceSchoolId"":1726,""title"":""伍斯特理工学院"",""titleEn"":""Worcester Polytechnic Institute"",""allStu"":24,""cnStu"":24,""outStu"":0}]}",allStu=24; cnStu=24; outStu=0,,,
2026,claremont-mckenna-college,Claremont Mckenna College,23,undergraduate,翠鹿升学榜,api,offer_rank_pages_1_51.json,https://meiben666.com/mb/api/v2/offerRank/getOSchoolRank,"{""degree"":""本科"",""eduLevel"":""192"",""ranking"":""中国学生榜"",""areaRankId"":""0"",""sortBy"":""0"",""kw"":"""",""sourceRecords"":[{""rank"":36,""sourceSchoolId"":1671,""title"":""克莱蒙特·麦肯纳学院"",""titleEn"":""Claremont Mckenna College"",""allStu"":23,""cnStu"":23,""outStu"":0}]}",allStu=23; cnStu=23; outStu=0,,,
2026,pitzer-college,Pitzer College,22,undergraduate,翠鹿升学榜,api,offer_rank_pages_1_51.json,https://meiben666.com/mb/api/v2/offerRank/getOSchoolRank,"{""degree"":""本科"",""eduLevel"":""192"",""ranking"":""中国学生榜"",""areaRankId"":""0"",""sortBy"":""0"",""kw"":"""",""sourceRecords"":[{""rank"":139,""sourceSchoolId"":1712,""title"":""匹泽学院"",""titleEn"":""Pitzer College"",""allStu"":22,""cnStu"":22,""outStu"":0}]}",allStu=22; cnStu=22; outStu=0,,,
2026,university-of-delaware,University of Delaware,22,undergraduate,翠鹿升学榜,api,offer_rank_pages_1_51.json,https://meiben666.com/mb/api/v2/offerRank/getOSchoolRank,"{""degree"":""本科"",""eduLevel"":""192"",""ranking"":""中国学生榜"",""areaRankId"":""0"",""sortBy"":""0"",""kw"":"""",""sourceRecords"":[{""rank"":130,""sourceSchoolId"":1939,""title"":""特拉华大学"",""titleEn"":""University of Delaware"",""allStu"":22,""cnStu"":22,""outStu"":0}]}",allStu=22; cnStu=22; outStu=0,,,
2026,university-of-victoria,University of Victoria,22,undergraduate,翠鹿升学榜,api,offer_rank_pages_1_51.json,https://meiben666.com/mb/api/v2/offerRank/getOSchoolRank,"{""degree"":""本科"",""eduLevel"":""192"",""ranking"":""中国学生榜"",""areaRankId"":""0"",""sortBy"":""0"",""kw"":"""",""sourceRecords"":[{""rank"":568,""sourceSchoolId"":12036,""title"":""维多利亚大学"",""titleEn"":""University of Victoria"",""allStu"":22,""cnStu"":22,""outStu"":0}]}",allStu=22; cnStu=22; outStu=0,,,
2026,yale-university,Yale University,22,undergraduate,翠鹿升学榜,api,offer_rank_pages_1_51.json,https://meiben666.com/mb/api/v2/offerRank/getOSchoolRank,"{""degree"":""本科"",""eduLevel"":""192"",""ranking"":""中国学生榜"",""areaRankId"":""0"",""sortBy"":""0"",""kw"":"""",""sourceRecords"":[{""rank"":5,""sourceSchoolId"":1582,""title"":""耶鲁大学"",""titleEn"":""Yale University"",""allStu"":22,""cnStu"":22,""outStu"":0}]}",allStu=22; cnStu=22; outStu=0,,,
2026,kenyon-college,Kenyon College,21,undergraduate,翠鹿升学榜,api,offer_rank_pages_1_51.json,https://meiben666.com/mb/api/v2/offerRank/getOSchoolRank,"{""degree"":""本科"",""eduLevel"":""192"",""ranking"":""中国学生榜"",""areaRankId"":""0"",""sortBy"":""0"",""kw"":"""",""sourceRecords"":[{""rank"":148,""sourceSchoolId"":1716,""title"":""凯尼恩学院"",""titleEn"":""Kenyon College"",""allStu"":21,""cnStu"":21,""outStu"":0}]}",allStu=21; cnStu=21; outStu=0,,,
2026,pomona-college,Pomona College,21,undergraduate,翠鹿升学榜,api,offer_rank_pages_1_51.json,https://meiben666.com/mb/api/v2/offerRank/getOSchoolRank,"{""degree"":""本科"",""eduLevel"":""192"",""ranking"":""中国学生榜"",""areaRankId"":""0"",""sortBy"":""0"",""kw"":"""",""sourceRecords"":[{""rank"":37,""sourceSchoolId"":1717,""title"":""波莫纳学院"",""titleEn"":""Pomona College"",""allStu"":21,""cnStu"":21,""outStu"":0}]}",allStu=21; cnStu=21; outStu=0,,,
2026,stevens-institute-of-technology,Stevens Institute of Technology,21,undergraduate,翠鹿升学榜,api,offer_rank_pages_1_51.json,https://meiben666.com/mb/api/v2/offerRank/getOSchoolRank,"{""degree"":""本科"",""eduLevel"":""192"",""ranking"":""中国学生榜"",""areaRankId"":""0"",""sortBy"":""0"",""kw"":"""",""sourceRecords"":[{""rank"":120,""sourceSchoolId"":3013,""title"":""史蒂文斯理工学院"",""titleEn"":""Stevens Institute of Technology"",""allStu"":21,""cnStu"":21,""outStu"":0}]}",allStu=21; cnStu=21; outStu=0,,,
2026,wake-forest-university,Wake Forest University,21,undergraduate,翠鹿升学榜,api,offer_rank_pages_1_51.json,https://meiben666.com/mb/api/v2/offerRank/getOSchoolRank,"{""degree"":""本科"",""eduLevel"":""192"",""ranking"":""中国学生榜"",""areaRankId"":""0"",""sortBy"":""0"",""kw"":"""",""sourceRecords"":[{""rank"":92,""sourceSchoolId"":1602,""title"":""维克森林大学"",""titleEn"":""Wake Forest University"",""allStu"":21,""cnStu"":21,""outStu"":0}]}",allStu=21; cnStu=21; outStu=0,,,
2026,american-university,American University,20,undergraduate,翠鹿升学榜,api,offer_rank_pages_1_51.json,https://meiben666.com/mb/api/v2/offerRank/getOSchoolRank,"{""degree"":""本科"",""eduLevel"":""192"",""ranking"":""中国学生榜"",""areaRankId"":""0"",""sortBy"":""0"",""kw"":"""",""sourceRecords"":[{""rank"":124,""sourceSchoolId"":1788,""title"":""美利坚大学"",""titleEn"":""American University"",""allStu"":20,""cnStu"":20,""outStu"":0}]}",allStu=20; cnStu=20; outStu=0,,,
2026,bates-college,Bates College,20,undergraduate,翠鹿升学榜,api,offer_rank_pages_1_51.json,https://meiben666.com/mb/api/v2/offerRank/getOSchoolRank,"{""degree"":""本科"",""eduLevel"":""192"",""ranking"":""中国学生榜"",""areaRankId"":""0"",""sortBy"":""0"",""kw"":"""",""sourceRecords"":[{""rank"":78,""sourceSchoolId"":1673,""title"":""贝茨学院"",""titleEn"":""Bates College"",""allStu"":20,""cnStu"":20,""outStu"":0}]}",allStu=20; cnStu=20; outStu=0,,,
2026,bucknell-university,Bucknell University,20,undergraduate,翠鹿升学榜,api,offer_rank_pages_1_51.json,https://meiben666.com/mb/api/v2/offerRank/getOSchoolRank,"{""degree"":""本科"",""eduLevel"":""192"",""ranking"":""中国学生榜"",""areaRankId"":""0"",""sortBy"":""0"",""kw"":"""",""sourceRecords"":[{""rank"":85,""sourceSchoolId"":1787,""title"":""巴克内尔大学"",""titleEn"":""Bucknell University"",""allStu"":20,""cnStu"":20,""outStu"":0}]}",allStu=20; cnStu=20; outStu=0,,,
2026,drexel-university,Drexel University,20,undergraduate,翠鹿升学榜,api,offer_rank_pages_1_51.json,https://meiben666.com/mb/api/v2/offerRank/getOSchoolRank,"{""degree"":""本科"",""eduLevel"":""192"",""ranking"":""中国学生榜"",""areaRankId"":""0"",""sortBy"":""0"",""kw"":"""",""sourceRecords"":[{""rank"":118,""sourceSchoolId"":1669,""title"":""德雷塞尔大学"",""titleEn"":""Drexel University"",""allStu"":20,""cnStu"":20,""outStu"":0}]}",allStu=20; cnStu=20; outStu=0,,,
2026,harvey-mudd-college,Harvey Mudd College,20,undergraduate,翠鹿升学榜,api,offer_rank_pages_1_51.json,https://meiben666.com/mb/api/v2/offerRank/getOSchoolRank,"{""degree"":""本科"",""eduLevel"":""192"",""ranking"":""中国学生榜"",""areaRankId"":""0"",""sortBy"":""0"",""kw"":"""",""sourceRecords"":[{""rank"":40,""sourceSchoolId"":1672,""title"":""哈维穆德学院"",""titleEn"":""Harvey Mudd College"",""allStu"":20,""cnStu"":20,""outStu"":0}]}",allStu=20; cnStu=20; outStu=0,,,
2026,oberlin-college,Oberlin College,20,undergraduate,翠鹿升学榜,api,offer_rank_pages_1_51.json,https://meiben666.com/mb/api/v2/offerRank/getOSchoolRank,"{""degree"":""本科"",""eduLevel"":""192"",""ranking"":""中国学生榜"",""areaRankId"":""0"",""sortBy"":""0"",""kw"":"""",""sourceRecords"":[{""rank"":219,""sourceSchoolId"":1686,""title"":""欧柏林学院"",""titleEn"":""Oberlin College"",""allStu"":20,""cnStu"":20,""outStu"":0}]}",allStu=20; cnStu=20; outStu=0,,,
2026,princeton-university,Princeton University,20,undergraduate,翠鹿升学榜,api,offer_rank_pages_1_51.json,https://meiben666.com/mb/api/v2/offerRank/getOSchoolRank,"{""degree"":""本科"",""eduLevel"":""192"",""ranking"":""中国学生榜"",""areaRankId"":""0"",""sortBy"":""0"",""kw"":"""",""sourceRecords"":[{""rank"":1,""sourceSchoolId"":1579,""title"":""普林斯顿大学"",""titleEn"":""Princeton University"",""allStu"":20,""cnStu"":20,""outStu"":0}]}",allStu=20; cnStu=20; outStu=0,,,
2026,national-university-of-singapore,National University of Singapore (NUS),19,undergraduate,翠鹿升学榜,api,offer_rank_pages_1_51.json,https://meiben666.com/mb/api/v2/offerRank/getOSchoolRank,"{""degree"":""本科"",""eduLevel"":""192"",""ranking"":""中国学生榜"",""areaRankId"":""0"",""sortBy"":""0"",""kw"":"""",""sourceRecords"":[{""rank"":163,""sourceSchoolId"":10775,""title"":""新加坡国立大学"",""titleEn"":""National University of Singapore (NUS)"",""allStu"":19,""cnStu"":19,""outStu"":0}]}",allStu=19; cnStu=19; outStu=0,,,
2026,temple-university,Temple University,19,undergraduate,翠鹿升学榜,api,offer_rank_pages_1_51.json,https://meiben666.com/mb/api/v2/offerRank/getOSchoolRank,"{""degree"":""本科"",""eduLevel"":""192"",""ranking"":""中国学生榜"",""areaRankId"":""0"",""sortBy"":""0"",""kw"":"""",""sourceRecords"":[{""rank"":217,""sourceSchoolId"":1670,""title"":""天普大学"",""titleEn"":""Temple University"",""allStu"":19,""cnStu"":19,""outStu"":0}]}",allStu=19; cnStu=19; outStu=0,,,
2026,university-of-colorado-boulder,University of Colorado Boulder,18,undergraduate,翠鹿升学榜,api,offer_rank_pages_1_51.json,https://meiben666.com/mb/api/v2/offerRank/getOSchoolRank,"{""degree"":""本科"",""eduLevel"":""192"",""ranking"":""中国学生榜"",""areaRankId"":""0"",""sortBy"":""0"",""kw"":"""",""sourceRecords"":[{""rank"":135,""sourceSchoolId"":1705,""title"":""科罗拉多大学波尔多分校"",""titleEn"":""University of Colorado Boulder"",""allStu"":18,""cnStu"":18,""outStu"":0}]}",allStu=18; cnStu=18; outStu=0,,,
2026,dartmouth-college,Dartmouth College,17,undergraduate,翠鹿升学榜,api,offer_rank_pages_1_51.json,https://meiben666.com/mb/api/v2/offerRank/getOSchoolRank,"{""degree"":""本科"",""eduLevel"":""192"",""ranking"":""中国学生榜"",""areaRankId"":""0"",""sortBy"":""0"",""kw"":"""",""sourceRecords"":[{""rank"":14,""sourceSchoolId"":1588,""title"":""达特茅斯学院"",""titleEn"":""Dartmouth College"",""allStu"":17,""cnStu"":17,""outStu"":0}]}",allStu=17; cnStu=17; outStu=0,,,
2026,scripps-college,Scripps College,16,undergraduate,翠鹿升学榜,api,offer_rank_pages_1_51.json,https://meiben666.com/mb/api/v2/offerRank/getOSchoolRank,"{""degree"":""本科"",""eduLevel"":""192"",""ranking"":""中国学生榜"",""areaRankId"":""0"",""sortBy"":""0"",""kw"":"""",""sourceRecords"":[{""rank"":140,""sourceSchoolId"":1774,""title"":""斯克利普斯学院"",""titleEn"":""Scripps College"",""allStu"":16,""cnStu"":16,""outStu"":0}]}",allStu=16; cnStu=16; outStu=0,,,
2026,baylor-university,Baylor University,15,undergraduate,翠鹿升学榜,api,offer_rank_pages_1_51.json,https://meiben666.com/mb/api/v2/offerRank/getOSchoolRank,"{""degree"":""本科"",""eduLevel"":""192"",""ranking"":""中国学生榜"",""areaRankId"":""0"",""sortBy"":""0"",""kw"":"""",""sourceRecords"":[{""rank"":125,""sourceSchoolId"":1758,""title"":""贝勒大学"",""titleEn"":""Baylor University"",""allStu"":15,""cnStu"":15,""outStu"":0}]}",allStu=15; cnStu=15; outStu=0,,,
2026,new-jersey-institute-of-technology,New Jersey Institute of Technology,15,undergraduate,翠鹿升学榜,api,offer_rank_pages_1_51.json,https://meiben666.com/mb/api/v2/offerRank/getOSchoolRank,"{""degree"":""本科"",""eduLevel"":""192"",""ranking"":""中国学生榜"",""areaRankId"":""0"",""sortBy"":""0"",""kw"":"""",""sourceRecords"":[{""rank"":119,""sourceSchoolId"":2227,""title"":""新泽西理工学院"",""titleEn"":""New Jersey Institute of Technology"",""allStu"":15,""cnStu"":15,""outStu"":0}]}",allStu=15; cnStu=15; outStu=0,,,
2026,tulane-university-of-louisiana,Tulane University of Louisiana,15,undergraduate,翠鹿升学榜,api,offer_rank_pages_1_51.json,https://meiben666.com/mb/api/v2/offerRank/getOSchoolRank,"{""degree"":""本科"",""eduLevel"":""192"",""ranking"":""中国学生榜"",""areaRankId"":""0"",""sortBy"":""0"",""kw"":"""",""sourceRecords"":[{""rank"":107,""sourceSchoolId"":1614,""title"":""杜兰大学"",""titleEn"":""Tulane University of Louisiana"",""allStu"":15,""cnStu"":15,""outStu"":0}]}",allStu=15; cnStu=15; outStu=0,,,
2026,university-of-notre-dame,University of Notre Dame,15,undergraduate,翠鹿升学榜,api,offer_rank_pages_1_51.json,https://meiben666.com/mb/api/v2/offerRank/getOSchoolRank,"{""degree"":""本科"",""eduLevel"":""192"",""ranking"":""中国学生榜"",""areaRankId"":""0"",""sortBy"":""0"",""kw"":"""",""sourceRecords"":[{""rank"":22,""sourceSchoolId"":1623,""title"":""圣母大学"",""titleEn"":""University of Notre Dame"",""allStu"":15,""cnStu"":15,""outStu"":0}]}",allStu=15; cnStu=15; outStu=0,,,
2026,bowdoin-college,Bowdoin College,14,undergraduate,翠鹿升学榜,api,offer_rank_pages_1_51.json,https://meiben666.com/mb/api/v2/offerRank/getOSchoolRank,"{""degree"":""本科"",""eduLevel"":""192"",""ranking"":""中国学生榜"",""areaRankId"":""0"",""sortBy"":""0"",""kw"":"""",""sourceRecords"":[{""rank"":35,""sourceSchoolId"":1682,""title"":""鲍登学院"",""titleEn"":""Bowdoin College"",""allStu"":14,""cnStu"":14,""outStu"":0}]}",allStu=14; cnStu=14; outStu=0,,,
2026,davidson-college,Davidson College,14,undergraduate,翠鹿升学榜,api,offer_rank_pages_1_51.json,https://meiben666.com/mb/api/v2/offerRank/getOSchoolRank,"{""degree"":""本科"",""eduLevel"":""192"",""ranking"":""中国学生榜"",""areaRankId"":""0"",""sortBy"":""0"",""kw"":"""",""sourceRecords"":[{""rank"":68,""sourceSchoolId"":1697,""title"":""戴维森学院"",""titleEn"":""Davidson College"",""allStu"":14,""cnStu"":14,""outStu"":0}]}",allStu=14; cnStu=14; outStu=0,,,
2026,reed-college,Reed College,14,undergraduate,翠鹿升学榜,api,offer_rank_pages_1_51.json,https://meiben666.com/mb/api/v2/offerRank/getOSchoolRank,"{""degree"":""本科"",""eduLevel"":""192"",""ranking"":""中国学生榜"",""areaRankId"":""0"",""sortBy"":""0"",""kw"":"""",""sourceRecords"":[{""rank"":258,""sourceSchoolId"":1790,""title"":""里德学院"",""titleEn"":""Reed College"",""allStu"":14,""cnStu"":14,""outStu"":0}]}",allStu=14; cnStu=14; outStu=0,,,
2026,california-institute-of-technology,California Institute of Technology,13,undergraduate,翠鹿升学榜,api,offer_rank_pages_1_51.json,https://meiben666.com/mb/api/v2/offerRank/getOSchoolRank,"{""degree"":""本科"",""eduLevel"":""192"",""ranking"":""中国学生榜"",""areaRankId"":""0"",""sortBy"":""0"",""kw"":"""",""sourceRecords"":[{""rank"":11,""sourceSchoolId"":1714,""title"":""加州理工学院"",""titleEn"":""California Institute of Technology"",""allStu"":13,""cnStu"":13,""outStu"":0}]}",allStu=13; cnStu=13; outStu=0,,,
2026,villanova-university,Villanova University,13,undergraduate,翠鹿升学榜,api,offer_rank_pages_1_51.json,https://meiben666.com/mb/api/v2/offerRank/getOSchoolRank,"{""degree"":""本科"",""eduLevel"":""192"",""ranking"":""中国学生榜"",""areaRankId"":""0"",""sortBy"":""0"",""kw"":"""",""sourceRecords"":[{""rank"":95,""sourceSchoolId"":1722,""title"":""维拉诺瓦大学"",""titleEn"":""Villanova University"",""allStu"":13,""cnStu"":13,""outStu"":0}]}",allStu=13; cnStu=13; outStu=0,,,
2026,college-of-the-holy-cross,College of the Holy Cross,12,undergraduate,翠鹿升学榜,api,offer_rank_pages_1_51.json,https://meiben666.com/mb/api/v2/offerRank/getOSchoolRank,"{""degree"":""本科"",""eduLevel"":""192"",""ranking"":""中国学生榜"",""areaRankId"":""0"",""sortBy"":""0"",""kw"":"""",""sourceRecords"":[{""rank"":81,""sourceSchoolId"":1657,""title"":""圣十字学院"",""titleEn"":""College of the Holy Cross"",""allStu"":12,""cnStu"":12,""outStu"":0}]}",allStu=12; cnStu=12; outStu=0,,,
2026,harvard-university,Harvard University,12,undergraduate,翠鹿升学榜,api,offer_rank_pages_1_51.json,https://meiben666.com/mb/api/v2/offerRank/getOSchoolRank,"{""degree"":""本科"",""eduLevel"":""192"",""ranking"":""中国学生榜"",""areaRankId"":""0"",""sortBy"":""0"",""kw"":"""",""sourceRecords"":[{""rank"":3,""sourceSchoolId"":1580,""title"":""哈佛大学"",""titleEn"":""Harvard University"",""allStu"":12,""cnStu"":12,""outStu"":0}]}",allStu=12; cnStu=12; outStu=0,,,
2026,amherst-college,Amherst College,11,undergraduate,翠鹿升学榜,api,offer_rank_pages_1_51.json,https://meiben666.com/mb/api/v2/offerRank/getOSchoolRank,"{""degree"":""本科"",""eduLevel"":""192"",""ranking"":""中国学生榜"",""areaRankId"":""0"",""sortBy"":""0"",""kw"":"""",""sourceRecords"":[{""rank"":33,""sourceSchoolId"":1619,""title"":""阿默斯特学院"",""titleEn"":""Amherst College"",""allStu"":11,""cnStu"":11,""outStu"":0}]}",allStu=11; cnStu=11; outStu=0,,,
2026,massachusetts-institute-of-technology,Massachusetts Institute of Technology,11,undergraduate,翠鹿升学榜,api,offer_rank_pages_1_51.json,https://meiben666.com/mb/api/v2/offerRank/getOSchoolRank,"{""degree"":""本科"",""eduLevel"":""192"",""ranking"":""中国学生榜"",""areaRankId"":""0"",""sortBy"":""0"",""kw"":"""",""sourceRecords"":[{""rank"":2,""sourceSchoolId"":1585,""title"":""麻省理工学院"",""titleEn"":""Massachusetts Institute of Technology"",""allStu"":11,""cnStu"":11,""outStu"":0}]}",allStu=11; cnStu=11; outStu=0,,,
2026,university-of-guelph,University of Guelph,10,undergraduate,翠鹿升学榜,api,offer_rank_pages_1_51.json,https://meiben666.com/mb/api/v2/offerRank/getOSchoolRank,"{""degree"":""本科"",""eduLevel"":""192"",""ranking"":""中国学生榜"",""areaRankId"":""0"",""sortBy"":""0"",""kw"":"""",""sourceRecords"":[{""rank"":499,""sourceSchoolId"":10825,""title"":""圭尔夫大学"",""titleEn"":""University of Guelph"",""allStu"":10,""cnStu"":10,""outStu"":0}]}",allStu=10; cnStu=10; outStu=0,,,
2026,university-of-windsor,University of Windsor,9,undergraduate,翠鹿升学榜,api,offer_rank_pages_1_51.json,https://meiben666.com/mb/api/v2/offerRank/getOSchoolRank,"{""degree"":""本科"",""eduLevel"":""192"",""ranking"":""中国学生榜"",""areaRankId"":""0"",""sortBy"":""0"",""kw"":"""",""sourceRecords"":[{""rank"":632,""sourceSchoolId"":12264,""title"":""温莎大学"",""titleEn"":""University of Windsor"",""allStu"":9,""cnStu"":9,""outStu"":0}]}",allStu=9; cnStu=9; outStu=0,,,
2026,colorado-school-of-mines,Colorado School of Mines,8,undergraduate,翠鹿升学榜,api,offer_rank_pages_1_51.json,https://meiben666.com/mb/api/v2/offerRank/getOSchoolRank,"{""degree"":""本科"",""eduLevel"":""192"",""ranking"":""中国学生榜"",""areaRankId"":""0"",""sortBy"":""0"",""kw"":"""",""sourceRecords"":[{""rank"":117,""sourceSchoolId"":2061,""title"":""科罗拉多矿业学院"",""titleEn"":""Colorado School of Mines"",""allStu"":8,""cnStu"":8,""outStu"":0}]}",allStu=8; cnStu=8; outStu=0,,,
2026,florida-state-university,Florida State University,7,undergraduate,翠鹿升学榜,api,offer_rank_pages_1_51.json,https://meiben666.com/mb/api/v2/offerRank/getOSchoolRank,"{""degree"":""本科"",""eduLevel"":""192"",""ranking"":""中国学生榜"",""areaRankId"":""0"",""sortBy"":""0"",""kw"":"""",""sourceRecords"":[{""rank"":89,""sourceSchoolId"":1724,""title"":""佛罗里达州立大学"",""titleEn"":""Florida State University"",""allStu"":7,""cnStu"":7,""outStu"":0}]}",allStu=7; cnStu=7; outStu=0,,,
2026,singapore-management-university,Singapore Management University,7,undergraduate,翠鹿升学榜,api,offer_rank_pages_1_51.json,https://meiben666.com/mb/api/v2/offerRank/getOSchoolRank,"{""degree"":""本科"",""eduLevel"":""192"",""ranking"":""中国学生榜"",""areaRankId"":""0"",""sortBy"":""0"",""kw"":"""",""sourceRecords"":[{""rank"":547,""sourceSchoolId"":11832,""title"":""新加坡管理大学"",""titleEn"":""Singapore Management University"",""allStu"":7,""cnStu"":7,""outStu"":0}]}",allStu=7; cnStu=7; outStu=0,,,
2026,university-of-iowa,University of Iowa,7,undergraduate,翠鹿升学榜,api,offer_rank_pages_1_51.json,https://meiben666.com/mb/api/v2/offerRank/getOSchoolRank,"{""degree"":""本科"",""eduLevel"":""192"",""ranking"":""中国学生榜"",""areaRankId"":""0"",""sortBy"":""0"",""kw"":"""",""sourceRecords"":[{""rank"":216,""sourceSchoolId"":1665,""title"":""爱荷华大学"",""titleEn"":""University of Iowa"",""allStu"":7,""cnStu"":7,""outStu"":0}]}",allStu=7; cnStu=7; outStu=0,,,
2026,concordia-university,Concordia University,6,undergraduate,翠鹿升学榜,api,offer_rank_pages_1_51.json,https://meiben666.com/mb/api/v2/offerRank/getOSchoolRank,"{""degree"":""本科"",""eduLevel"":""192"",""ranking"":""中国学生榜"",""areaRankId"":""0"",""sortBy"":""0"",""kw"":"""",""sourceRecords"":[{""rank"":470,""sourceSchoolId"":3415,""title"":""加拿大康考迪亚大学"",""titleEn"":""Concordia University"",""allStu"":1,""cnStu"":1,""outStu"":0},{""rank"":525,""sourceSchoolId"":11559,""title"":""康考迪亚大学"",""titleEn"":""Concordia University"",""allStu"":5,""cnStu"":5,""outStu"":0}]}",2 条翠鹿记录汇总；allStu 合计=6,,,
2026,marquette-university,Marquette University,4,undergraduate,翠鹿升学榜,api,offer_rank_pages_1_51.json,https://meiben666.com/mb/api/v2/offerRank/getOSchoolRank,"{""degree"":""本科"",""eduLevel"":""192"",""ranking"":""中国学生榜"",""areaRankId"":""0"",""sortBy"":""0"",""kw"":"""",""sourceRecords"":[{""rank"":126,""sourceSchoolId"":1847,""title"":""马凯特大学"",""titleEn"":""Marquette University"",""allStu"":4,""cnStu"":4,""outStu"":0}]}",allStu=4; cnStu=4; outStu=0,,,
2026,southern-methodist-university,Southern Methodist University,4,undergraduate,翠鹿升学榜,api,offer_rank_pages_1_51.json,https://meiben666.com/mb/api/v2/offerRank/getOSchoolRank,"{""degree"":""本科"",""eduLevel"":""192"",""ranking"":""中国学生榜"",""areaRankId"":""0"",""sortBy"":""0"",""kw"":"""",""sourceRecords"":[{""rank"":128,""sourceSchoolId"":1667,""title"":""南卫理公会大学"",""titleEn"":""Southern Methodist University"",""allStu"":4,""cnStu"":4,""outStu"":0}]}",allStu=4; cnStu=4; outStu=0,,,
2026,singapore-university-of-technology-and-design,Singapore University of Technology and Design,3,undergraduate,翠鹿升学榜,api,offer_rank_pages_1_51.json,https://meiben666.com/mb/api/v2/offerRank/getOSchoolRank,"{""degree"":""本科"",""eduLevel"":""192"",""ranking"":""中国学生榜"",""areaRankId"":""0"",""sortBy"":""0"",""kw"":"""",""sourceRecords"":[{""rank"":890,""sourceSchoolId"":16824,""title"":""新加坡科技设计大学"",""titleEn"":""Singapore University of Technology and Design"",""allStu"":3,""cnStu"":3,""outStu"":0}]}",allStu=3; cnStu=3; outStu=0,,,
2026,washington-and-lee-university,Washington and Lee University,3,undergraduate,翠鹿升学榜,api,offer_rank_pages_1_51.json,https://meiben666.com/mb/api/v2/offerRank/getOSchoolRank,"{""degree"":""本科"",""eduLevel"":""192"",""ranking"":""中国学生榜"",""areaRankId"":""0"",""sortBy"":""0"",""kw"":"""",""sourceRecords"":[{""rank"":75,""sourceSchoolId"":1696,""title"":""华盛顿与李大学"",""titleEn"":""Washington and Lee University"",""allStu"":3,""cnStu"":3,""outStu"":0}]}",allStu=3; cnStu=3; outStu=0,,,
2026,clemson-university,Clemson University,2,undergraduate,翠鹿升学榜,api,offer_rank_pages_1_51.json,https://meiben666.com/mb/api/v2/offerRank/getOSchoolRank,"{""degree"":""本科"",""eduLevel"":""192"",""ranking"":""中国学生榜"",""areaRankId"":""0"",""sortBy"":""0"",""kw"":"""",""sourceRecords"":[{""rank"":112,""sourceSchoolId"":1727,""title"":""克莱姆森大学"",""titleEn"":""Clemson University"",""allStu"":2,""cnStu"":2,""outStu"":0}]}",allStu=2; cnStu=2; outStu=0,,,
2026,mount-allison-university,Mount Allison University,1,undergraduate,翠鹿升学榜,api,offer_rank_pages_1_51.json,https://meiben666.com/mb/api/v2/offerRank/getOSchoolRank,"{""degree"":""本科"",""eduLevel"":""192"",""ranking"":""中国学生榜"",""areaRankId"":""0"",""sortBy"":""0"",""kw"":"""",""sourceRecords"":[{""rank"":783,""sourceSchoolId"":14545,""title"":""蒙特爱立森大学"",""titleEn"":""Mount Allison University"",""allStu"":1,""cnStu"":1,""outStu"":0}]}",allStu=1; cnStu=1; outStu=0,,,
2026,texas-christian-university,Texas Christian University,1,undergraduate,翠鹿升学榜,api,offer_rank_pages_1_51.json,https://meiben666.com/mb/api/v2/offerRank/getOSchoolRank,"{""degree"":""本科"",""eduLevel"":""192"",""ranking"":""中国学生榜"",""areaRankId"":""0"",""sortBy"":""0"",""kw"":"""",""sourceRecords"":[{""rank"":134,""sourceSchoolId"":1818,""title"":""德克萨斯基督教大学"",""titleEn"":""Texas Christian University"",""allStu"":1,""cnStu"":1,""outStu"":0}]}",allStu=1; cnStu=1; outStu=0,,,
2026,university-of-saskatchewan,University of Saskatchewan,1,undergraduate,翠鹿升学榜,api,offer_rank_pages_1_51.json,https://meiben666.com/mb/api/v2/offerRank/getOSchoolRank,"{""degree"":""本科"",""eduLevel"":""192"",""ranking"":""中国学生榜"",""areaRankId"":""0"",""sortBy"":""0"",""kw"":"""",""sourceRecords"":[{""rank"":815,""sourceSchoolId"":14739,""title"":""萨斯喀彻温大学"",""titleEn"":""University of Saskatchewan"",""allStu"":1,""cnStu"":1,""outStu"":0}]}",allStu=1; cnStu=1; outStu=0,,,
